"","Prevalence of HIV among adults aged 15 to 49 (%)","Prevalence of HIV among adults aged 15 to 49 (%)","Prevalence of HIV among adults aged 15 to 49 (%)","Prevalence of HIV among adults aged 15 to 49 (%)","Prevalence of HIV among adults aged 15 to 49 (%)","Prevalence of HIV among adults aged 15 to 49 (%)","Prevalence of HIV among adults aged 15 to 49 (%)","Prevalence of HIV among adults aged 15 to 49 (%)","Prevalence of HIV among adults aged 15 to 49 (%)","Prevalence of HIV among adults aged 15 to 49 (%)","Prevalence of HIV among adults aged 15 to 49 (%)","Prevalence of HIV among adults aged 15 to 49 (%)","Prevalence of HIV among adults aged 15 to 49 (%)","Prevalence of HIV among adults aged 15 to 49 (%)","Prevalence of HIV among adults aged 15 to 49 (%)","Prevalence of HIV among adults aged 15 to 49 (%)","Prevalence of HIV among adults aged 15 to 49 (%)","Prevalence of HIV among adults aged 15 to 49 (%)","Prevalence of HIV among adults aged 15 to 49 (%)","Prevalence of HIV among adults aged 15 to 49 (%)","Prevalence of HIV among adults aged 15 to 49 (%)","Prevalence of HIV among adults aged 15 to 49 (%)"
"Country"," 2021"," 2020"," 2019"," 2018"," 2017"," 2016"," 2015"," 2014"," 2013"," 2012"," 2011"," 2010"," 2009"," 2008"," 2007"," 2006"," 2005"," 2004"," 2003"," 2002"," 2001"," 2000"
"Afghanistan","&lt;0.1 [&lt;0.1-0.2]","&lt;0.1 [&lt;0.1-0.2]","&lt;0.1 [&lt;0.1-0.2]","&lt;0.1 [&lt;0.1-0.1]","&lt;0.1 [&lt;0.1-0.1]","&lt;0.1 [&lt;0.1-0.1]","&lt;0.1 [&lt;0.1-0.1]","&lt;0.1 [&lt;0.1-0.1]","&lt;0.1 [&lt;0.1-&lt;0.1]","&lt;0.1 [&lt;0.1-&lt;0.1]","&lt;0.1 [&lt;0.1-&lt;0.1]","&lt;0.1 [&lt;0.1-&lt;0.1]","&lt;0.1 [&lt;0.1-&lt;0.1]","&lt;0.1 [&lt;0.1-&lt;0.1]","&lt;0.1 [&lt;0.1-&lt;0.1]","&lt;0.1 [&lt;0.1-&lt;0.1]","&lt;0.1 [&lt;0.1-&lt;0.1]","&lt;0.1 [&lt;0.1-&lt;0.1]","&lt;0.1 [&lt;0.1-&lt;0.1]","&lt;0.1 [&lt;0.1-&lt;0.1]","&lt;0.1 [&lt;0.1-&lt;0.1]","&lt;0.1 [&lt;0.1-&lt;0.1]"
"Albania","&lt;0.1 [&lt;0.1-&lt;0.1]","&lt;0.1 [&lt;0.1-&lt;0.1]","&lt;0.1 [&lt;0.1-&lt;0.1]","&lt;0.1 [&lt;0.1-&lt;0.1]","&lt;0.1 [&lt;0.1-&lt;0.1]","&lt;0.1 [&lt;0.1-&lt;0.1]","&lt;0.1 [&lt;0.1-&lt;0.1]","&lt;0.1 [&lt;0.1-&lt;0.1]","&lt;0.1 [&lt;0.1-&lt;0.1]","&lt;0.1 [&lt;0.1-&lt;0.1]","&lt;0.1 [&lt;0.1-&lt;0.1]","&lt;0.1 [&lt;0.1-&lt;0.1]","&lt;0.1 [&lt;0.1-&lt;0.1]","&lt;0.1 [&lt;0.1-&lt;0.1]","&lt;0.1 [&lt;0.1-&lt;0.1]","&lt;0.1 [&lt;0.1-&lt;0.1]","&lt;0.1 [&lt;0.1-&lt;0.1]","&lt;0.1 [&lt;0.1-&lt;0.1]","&lt;0.1 [&lt;0.1-&lt;0.1]","&lt;0.1 [&lt;0.1-&lt;0.1]","&lt;0.1 [&lt;0.1-&lt;0.1]","&lt;0.1 [&lt;0.1-&lt;0.1]"
"Algeria","&lt;0.1 [&lt;0.1-&lt;0.1]","&lt;0.1 [&lt;0.1-&lt;0.1]","&lt;0.1 [&lt;0.1-&lt;0.1]","&lt;0.1 [&lt;0.1-&lt;0.1]","&lt;0.1 [&lt;0.1-&lt;0.1]","&lt;0.1 [&lt;0.1-&lt;0.1]","&lt;0.1 [&lt;0.1-&lt;0.1]","&lt;0.1 [&lt;0.1-&lt;0.1]","&lt;0.1 [&lt;0.1-&lt;0.1]","&lt;0.1 [&lt;0.1-&lt;0.1]","&lt;0.1 [&lt;0.1-&lt;0.1]","&lt;0.1 [&lt;0.1-&lt;0.1]","&lt;0.1 [&lt;0.1-&lt;0.1]","&lt;0.1 [&lt;0.1-&lt;0.1]","&lt;0.1 [&lt;0.1-&lt;0.1]","&lt;0.1 [&lt;0.1-&lt;0.1]","&lt;0.1 [&lt;0.1-&lt;0.1]","&lt;0.1 [&lt;0.1-&lt;0.1]","&lt;0.1 [&lt;0.1-&lt;0.1]","&lt;0.1 [&lt;0.1-&lt;0.1]","&lt;0.1 [&lt;0.1-&lt;0.1]","&lt;0.1 [&lt;0.1-&lt;0.1]"
"Andorra","No data","No data","No data","No data","No data","No data","No data","No data","No data","No data","No data","No data","No data","No data","No data","No data","No data","No data","No data","No data","No data","No data"
"Angola","1.6 [1.3-1.9]","1.6 [1.4-1.9]","1.7 [1.4-2.0]","1.7 [1.5-2.1]","1.8 [1.5-2.1]","1.8 [1.6-2.2]","1.9 [1.6-2.2]","1.9 [1.6-2.2]","1.9 [1.6-2.3]","1.9 [1.6-2.3]","1.9 [1.6-2.3]","1.9 [1.6-2.3]","1.9 [1.6-2.2]","1.8 [1.5-2.2]","1.8 [1.5-2.1]","1.7 [1.4-2.0]","1.6 [1.4-2.0]","1.5 [1.3-1.9]","1.4 [1.2-1.9]","1.4 [1.1-1.7]","1.2 [1.0-1.6]","1.1 [0.9-1.5]"
"Antigua and Barbuda","No data","No data","No data","No data","No data","No data","No data","No data","No data","No data","No data","No data","No data","No data","No data","No data","No data","No data","No data","No data","No data","No data"
"Argentina","0.4 [0.4-0.4]","0.4 [0.4-0.4]","0.4 [0.4-0.5]","0.4 [0.4-0.4]","0.4 [0.4-0.4]","0.4 [0.4-0.4]","0.4 [0.4-0.4]","0.4 [0.4-0.4]","0.4 [0.4-0.4]","0.4 [0.4-0.4]","0.4 [0.4-0.4]","0.4 [0.4-0.4]","0.4 [0.4-0.4]","0.4 [0.3-0.4]","0.4 [0.3-0.4]","0.4 [0.3-0.4]","0.3 [0.3-0.4]","0.3 [0.3-0.4]","0.3 [0.3-0.3]","0.3 [0.3-0.3]","0.3 [0.3-0.3]","0.3 [0.3-0.3]"
"Armenia","No data","No data","No data","No data","No data","No data","No data","No data","No data","No data","No data","No data","No data","No data","No data","No data","No data","No data","No data","No data","No data","No data"
"Australia","0.1 [&lt;0.1-0.1]","0.1 [&lt;0.1-0.1]","0.1 [&lt;0.1-0.1]","0.1 [&lt;0.1-0.1]","0.1 [&lt;0.1-0.1]","0.1 [&lt;0.1-0.1]","0.1 [&lt;0.1-0.1]","0.1 [&lt;0.1-0.1]","0.1 [&lt;0.1-0.1]","0.1 [&lt;0.1-0.1]","0.1 [&lt;0.1-0.1]","0.1 [&lt;0.1-0.1]","0.1 [&lt;0.1-0.1]","0.1 [&lt;0.1-0.1]","0.1 [&lt;0.1-0.1]","0.1 [&lt;0.1-0.1]","0.1 [&lt;0.1-0.1]","0.1 [&lt;0.1-0.1]","&lt;0.1 [&lt;0.1-0.1]","&lt;0.1 [&lt;0.1-0.1]","&lt;0.1 [&lt;0.1-0.1]","&lt;0.1 [&lt;0.1-&lt;0.1]"
"Austria","No data","No data","No data","No data","No data","No data","No data","No data","No data","No data","No data","No data","No data","No data","No data","No data","No data","No data","No data","No data","No data","No data"
"Azerbaijan","0.1 [0.1-0.2]","0.1 [0.1-0.2]","0.1 [0.1-0.2]","0.1 [0.1-0.2]","0.1 [0.1-0.2]","0.2 [0.1-0.2]","0.2 [0.1-0.2]","0.2 [0.1-0.2]","0.2 [0.1-0.2]","0.2 [0.1-0.2]","0.2 [0.1-0.2]","0.2 [0.1-0.2]","0.2 [0.1-0.2]","0.2 [0.1-0.2]","0.2 [0.1-0.2]","0.2 [0.1-0.2]","0.2 [0.1-0.2]","0.1 [&lt;0.1-0.2]","0.1 [&lt;0.1-0.2]","&lt;0.1 [&lt;0.1-0.2]","&lt;0.1 [&lt;0.1-0.2]","&lt;0.1 [&lt;0.1-0.1]"
"Bahamas","1.3 [1.1-1.5]","1.4 [1.1-1.6]","1.4 [1.2-1.6]","1.4 [1.2-1.7]","1.5 [1.3-1.7]","1.5 [1.3-1.7]","1.6 [1.4-1.8]","1.6 [1.4-1.8]","1.7 [1.5-1.9]","1.8 [1.6-2.0]","1.8 [1.6-2.0]","1.9 [1.7-2.1]","1.9 [1.7-2.1]","2.0 [1.8-2.1]","2.0 [1.8-2.1]","2.0 [1.8-2.2]","2.0 [1.8-2.2]","2.0 [1.8-2.2]","2.0 [1.9-2.2]","2.1 [1.9-2.3]","2.2 [2.0-2.4]","2.2 [2.0-2.5]"
"Bahrain","0.1 [&lt;0.1-0.1]","0.1 [&lt;0.1-0.1]","&lt;0.1 [&lt;0.1-0.1]","&lt;0.1 [&lt;0.1-0.1]","&lt;0.1 [&lt;0.1-0.1]","&lt;0.1 [&lt;0.1-0.1]","&lt;0.1 [&lt;0.1-&lt;0.1]","&lt;0.1 [&lt;0.1-&lt;0.1]","&lt;0.1 [&lt;0.1-&lt;0.1]","&lt;0.1 [&lt;0.1-&lt;0.1]","&lt;0.1 [&lt;0.1-&lt;0.1]","&lt;0.1 [&lt;0.1-&lt;0.1]","&lt;0.1 [&lt;0.1-&lt;0.1]","&lt;0.1 [&lt;0.1-&lt;0.1]","&lt;0.1 [&lt;0.1-&lt;0.1]","&lt;0.1 [&lt;0.1-&lt;0.1]","&lt;0.1 [&lt;0.1-&lt;0.1]","&lt;0.1 [&lt;0.1-&lt;0.1]","&lt;0.1 [&lt;0.1-&lt;0.1]","&lt;0.1 [&lt;0.1-&lt;0.1]","&lt;0.1 [&lt;0.1-&lt;0.1]","&lt;0.1 [&lt;0.1-&lt;0.1]"
"Bangladesh","&lt;0.1 [&lt;0.1-&lt;0.1]","&lt;0.1 [&lt;0.1-&lt;0.1]","&lt;0.1 [&lt;0.1-&lt;0.1]","&lt;0.1 [&lt;0.1-&lt;0.1]","&lt;0.1 [&lt;0.1-&lt;0.1]","&lt;0.1 [&lt;0.1-&lt;0.1]","&lt;0.1 [&lt;0.1-&lt;0.1]","&lt;0.1 [&lt;0.1-&lt;0.1]","&lt;0.1 [&lt;0.1-&lt;0.1]","&lt;0.1 [&lt;0.1-&lt;0.1]","&lt;0.1 [&lt;0.1-&lt;0.1]","&lt;0.1 [&lt;0.1-&lt;0.1]","&lt;0.1 [&lt;0.1-&lt;0.1]","&lt;0.1 [&lt;0.1-&lt;0.1]","&lt;0.1 [&lt;0.1-&lt;0.1]","&lt;0.1 [&lt;0.1-&lt;0.1]","&lt;0.1 [&lt;0.1-&lt;0.1]","&lt;0.1 [&lt;0.1-&lt;0.1]","&lt;0.1 [&lt;0.1-&lt;0.1]","&lt;0.1 [&lt;0.1-&lt;0.1]","&lt;0.1 [&lt;0.1-&lt;0.1]","&lt;0.1 [&lt;0.1-&lt;0.1]"
"Barbados","0.9 [0.7-1.0]","0.9 [0.8-1.0]","0.9 [0.8-1.0]","0.9 [0.8-1.0]","1.0 [0.8-1.0]","1.0 [0.9-1.1]","1.0 [0.9-1.1]","1.0 [0.9-1.1]","1.0 [0.9-1.1]","1.1 [1.0-1.1]","1.1 [1.0-1.1]","1.1 [1.0-1.1]","1.0 [1.0-1.1]","1.0 [0.9-1.1]","1.0 [0.9-1.1]","1.0 [0.9-1.0]","0.9 [0.9-1.0]","0.9 [0.8-1.0]","0.8 [0.8-0.9]","0.8 [0.7-0.9]","0.8 [0.7-0.8]","0.7 [0.7-0.8]"
"Belarus","0.5 [0.4-0.6]","0.5 [0.4-0.6]","0.5 [0.3-0.6]","0.4 [0.3-0.6]","0.4 [0.3-0.5]","0.4 [0.3-0.5]","0.4 [0.3-0.5]","0.4 [0.3-0.4]","0.3 [0.2-0.4]","0.3 [0.2-0.4]","0.3 [0.2-0.3]","0.2 [0.2-0.3]","0.2 [0.2-0.2]","0.2 [0.1-0.2]","0.1 [0.1-0.2]","0.1 [&lt;0.1-0.2]","&lt;0.1 [&lt;0.1-0.1]","&lt;0.1 [&lt;0.1-0.1]","&lt;0.1 [&lt;0.1-&lt;0.1]","&lt;0.1 [&lt;0.1-&lt;0.1]","&lt;0.1 [&lt;0.1-&lt;0.1]","&lt;0.1 [&lt;0.1-&lt;0.1]"
"Belgium","No data","No data","No data","No data","No data","No data","No data","No data","No data","No data","No data","No data","No data","No data","No data","No data","No data","No data","No data","No data","No data","No data"
"Belize","1.1 [1.0-1.2]","1.1 [1.0-1.2]","1.1 [1.0-1.2]","1.2 [1.1-1.2]","1.2 [1.1-1.3]","1.2 [1.1-1.3]","1.3 [1.2-1.3]","1.3 [1.2-1.4]","1.3 [1.2-1.4]","1.4 [1.3-1.5]","1.4 [1.3-1.5]","1.5 [1.4-1.6]","1.5 [1.4-1.6]","1.6 [1.5-1.7]","1.7 [1.5-1.8]","1.7 [1.5-1.8]","1.6 [1.5-1.8]","1.5 [1.3-1.7]","1.4 [1.2-1.5]","1.2 [1.0-1.4]","1.1 [0.9-1.3]","1.0 [0.8-1.1]"
"Benin","0.8 [0.7-1.0]","0.9 [0.7-1.0]","0.9 [0.7-1.1]","1.0 [0.8-1.1]","1.0 [0.8-1.2]","1.0 [0.9-1.2]","1.1 [0.9-1.3]","1.1 [0.9-1.3]","1.1 [0.9-1.3]","1.1 [1.0-1.3]","1.2 [1.0-1.4]","1.2 [1.0-1.4]","1.2 [1.0-1.4]","1.2 [1.0-1.4]","1.2 [1.1-1.4]","1.3 [1.1-1.5]","1.3 [1.2-1.5]","1.4 [1.2-1.6]","1.4 [1.2-1.6]","1.4 [1.3-1.7]","1.5 [1.3-1.7]","1.5 [1.3-1.7]"
"Bhutan","0.2 [&lt;0.1-0.6]","0.2 [&lt;0.1-0.6]","0.2 [&lt;0.1-0.6]","0.2 [&lt;0.1-0.6]","0.2 [&lt;0.1-0.6]","0.2 [&lt;0.1-0.6]","0.3 [&lt;0.1-0.6]","0.3 [&lt;0.1-0.6]","0.3 [&lt;0.1-0.6]","0.3 [&lt;0.1-0.6]","0.3 [&lt;0.1-0.6]","0.3 [&lt;0.1-0.6]","0.3 [&lt;0.1-0.6]","0.3 [&lt;0.1-0.6]","0.3 [&lt;0.1-0.6]","0.3 [&lt;0.1-0.6]","0.3 [&lt;0.1-0.5]","0.2 [&lt;0.1-0.5]","0.2 [&lt;0.1-0.4]","0.2 [&lt;0.1-0.4]","0.2 [&lt;0.1-0.3]","0.1 [&lt;0.1-0.3]"
"Bolivia (Plurinational State of)","0.3 [0.3-0.4]","0.3 [0.3-0.4]","0.3 [0.3-0.4]","0.3 [0.3-0.4]","0.3 [0.3-0.4]","0.3 [0.3-0.4]","0.3 [0.3-0.4]","0.3 [0.3-0.4]","0.3 [0.3-0.4]","0.3 [0.3-0.4]","0.3 [0.3-0.4]","0.3 [0.3-0.4]","0.3 [0.3-0.4]","0.3 [0.3-0.4]","0.3 [0.3-0.4]","0.3 [0.3-0.4]","0.3 [0.3-0.4]","0.3 [0.3-0.4]","0.3 [0.3-0.4]","0.3 [0.3-0.4]","0.3 [0.3-0.4]","0.3 [0.3-0.4]"
"Bosnia and Herzegovina","No data","No data","No data","No data","No data","No data","No data","No data","No data","No data","No data","No data","No data","No data","No data","No data","No data","No data","No data","No data","No data","No data"
"Botswana","18.6 [16.9-19.1]","19.2 [17.6-19.7]","19.8 [18.3-20.3]","20.4 [18.9-20.8]","20.9 [19.5-21.3]","21.3 [20.0-21.8]","21.7 [20.6-22.1]","22.0 [21.0-22.5]","22.4 [21.5-22.8]","22.7 [22.0-23.1]","23.0 [22.4-23.4]","23.2 [22.7-23.6]","23.5 [23.0-23.9]","23.7 [23.3-24.2]","24.0 [23.6-24.5]","24.3 [23.9-24.8]","24.6 [24.2-25.1]","25.0 [24.5-25.4]","25.4 [24.9-25.9]","25.7 [25.2-26.3]","25.9 [25.4-26.6]","25.8 [25.2-26.5]"
"Brazil","0.6 [0.3-0.8]","0.6 [0.3-0.8]","0.5 [0.3-0.8]","0.5 [0.3-0.8]","0.5 [0.3-0.8]","0.5 [0.2-0.8]","0.5 [0.2-0.8]","0.5 [0.2-0.7]","0.5 [0.2-0.7]","0.5 [0.2-0.7]","0.5 [0.2-0.7]","0.5 [0.2-0.7]","0.5 [0.2-0.7]","0.4 [0.2-0.6]","0.4 [0.2-0.6]","0.4 [0.2-0.6]","0.4 [0.2-0.6]","0.4 [0.2-0.6]","0.4 [0.2-0.5]","0.3 [0.2-0.5]","0.3 [0.2-0.5]","0.3 [0.2-0.5]"
"Brunei Darussalam","No data","No data","No data","No data","No data","No data","No data","No data","No data","No data","No data","No data","No data","No data","No data","No data","No data","No data","No data","No data","No data","No data"
"Bulgaria","&lt;0.1 [&lt;0.1-&lt;0.1]","&lt;0.1 [&lt;0.1-&lt;0.1]","&lt;0.1 [&lt;0.1-&lt;0.1]","&lt;0.1 [&lt;0.1-&lt;0.1]","&lt;0.1 [&lt;0.1-&lt;0.1]","&lt;0.1 [&lt;0.1-&lt;0.1]","&lt;0.1 [&lt;0.1-&lt;0.1]","&lt;0.1 [&lt;0.1-&lt;0.1]","&lt;0.1 [&lt;0.1-&lt;0.1]","&lt;0.1 [&lt;0.1-&lt;0.1]","&lt;0.1 [&lt;0.1-&lt;0.1]","&lt;0.1 [&lt;0.1-&lt;0.1]","&lt;0.1 [&lt;0.1-&lt;0.1]","&lt;0.1 [&lt;0.1-&lt;0.1]","&lt;0.1 [&lt;0.1-&lt;0.1]","&lt;0.1 [&lt;0.1-&lt;0.1]","&lt;0.1 [&lt;0.1-&lt;0.1]","&lt;0.1 [&lt;0.1-&lt;0.1]","&lt;0.1 [&lt;0.1-&lt;0.1]","&lt;0.1 [&lt;0.1-&lt;0.1]","&lt;0.1 [&lt;0.1-&lt;0.1]","&lt;0.1 [&lt;0.1-&lt;0.1]"
"Burkina Faso","0.6 [0.5-0.8]","0.7 [0.5-0.8]","0.7 [0.6-0.8]","0.7 [0.6-0.9]","0.8 [0.6-0.9]","0.8 [0.7-1.0]","0.9 [0.7-1.0]","0.9 [0.8-1.1]","1.0 [0.8-1.1]","1.0 [0.9-1.2]","1.1 [0.9-1.2]","1.1 [1.0-1.3]","1.2 [1.0-1.4]","1.2 [1.0-1.4]","1.3 [1.1-1.5]","1.4 [1.2-1.6]","1.4 [1.2-1.7]","1.5 [1.3-1.8]","1.6 [1.4-1.9]","1.8 [1.5-2.1]","1.9 [1.7-2.3]","2.1 [1.8-2.4]"
"Burundi","0.9 [0.8-1.1]","1.0 [0.8-1.1]","1.0 [0.9-1.2]","1.1 [0.9-1.3]","1.2 [1.0-1.3]","1.2 [1.0-1.4]","1.3 [1.1-1.4]","1.3 [1.1-1.5]","1.4 [1.2-1.6]","1.5 [1.3-1.6]","1.5 [1.3-1.7]","1.6 [1.4-1.8]","1.7 [1.5-1.9]","1.8 [1.6-2.0]","1.9 [1.7-2.1]","2.1 [1.8-2.3]","2.2 [2.0-2.5]","2.4 [2.1-2.7]","2.7 [2.3-3.1]","3.0 [2.6-3.4]","3.3 [2.8-3.8]","3.6 [3.0-4.2]"
"Cabo Verde","0.6 [0.4-0.7]","0.6 [0.5-0.7]","0.6 [0.5-0.7]","0.6 [0.5-0.7]","0.6 [0.5-0.7]","0.6 [0.5-0.7]","0.6 [0.5-0.7]","0.6 [0.5-0.7]","0.6 [0.5-0.7]","0.6 [0.5-0.7]","0.6 [0.5-0.7]","0.6 [0.5-0.7]","0.6 [0.5-0.7]","0.6 [0.5-0.7]","0.6 [0.5-0.7]","0.6 [0.5-0.8]","0.6 [0.5-0.8]","0.6 [0.5-0.9]","0.6 [0.5-0.9]","0.6 [0.5-0.9]","0.6 [0.5-0.9]","0.6 [0.5-0.9]"
"Cambodia","0.6 [0.5-0.6]","0.6 [0.5-0.7]","0.6 [0.5-0.7]","0.7 [0.6-0.7]","0.7 [0.6-0.8]","0.7 [0.6-0.8]","0.8 [0.7-0.8]","0.8 [0.7-0.9]","0.8 [0.7-0.9]","0.9 [0.7-1.0]","0.9 [0.8-1.0]","0.9 [0.8-1.0]","1.0 [0.8-1.1]","1.0 [0.8-1.1]","1.0 [0.9-1.1]","1.1 [0.9-1.2]","1.1 [0.9-1.2]","1.1 [1.0-1.3]","1.2 [1.0-1.4]","1.3 [1.1-1.4]","1.3 [1.1-1.5]","1.3 [1.1-1.5]"
"Cameroon","2.9 [2.6-3.1]","3.0 [2.8-3.2]","3.1 [2.9-3.3]","3.3 [3.0-3.5]","3.4 [3.2-3.6]","3.6 [3.3-3.7]","3.7 [3.5-3.9]","3.8 [3.6-4.0]","4.0 [3.8-4.2]","4.1 [3.9-4.3]","4.2 [4.0-4.4]","4.3 [4.1-4.6]","4.4 [4.2-4.7]","4.5 [4.3-4.7]","4.6 [4.4-4.8]","4.7 [4.5-5.0]","4.8 [4.6-5.1]","4.9 [4.6-5.1]","4.9 [4.6-5.2]","4.9 [4.6-5.2]","4.9 [4.6-5.1]","4.7 [4.4-5.0]"
"Canada","No data","No data","No data","No data","No data","No data","No data","No data","No data","No data","No data","No data","No data","No data","No data","No data","No data","No data","No data","No data","No data","No data"
"Central African Republic","2.7 [2.2-3.3]","2.9 [2.4-3.5]","3.1 [2.5-3.7]","3.2 [2.7-3.8]","3.4 [2.9-4.0]","3.6 [3.1-4.2]","3.8 [3.3-4.4]","4.0 [3.5-4.6]","4.2 [3.7-4.9]","4.5 [3.9-5.1]","4.7 [4.1-5.4]","4.9 [4.3-5.7]","5.1 [4.5-5.9]","5.4 [4.7-6.2]","5.6 [5.0-6.6]","5.9 [5.2-6.9]","6.2 [5.4-7.2]","6.5 [5.7-7.6]","6.9 [6.0-8.0]","7.2 [6.3-8.4]","7.5 [6.5-8.8]","7.7 [6.6-9.1]"
"Chad","1.1 [0.8-1.3]","1.1 [0.9-1.4]","1.2 [0.9-1.4]","1.2 [1.0-1.5]","1.3 [1.0-1.5]","1.3 [1.1-1.6]","1.4 [1.1-1.7]","1.4 [1.2-1.7]","1.5 [1.2-1.8]","1.5 [1.2-1.8]","1.6 [1.3-1.9]","1.6 [1.3-2.0]","1.6 [1.3-2.0]","1.7 [1.3-2.0]","1.7 [1.4-2.2]","1.8 [1.4-2.3]","1.9 [1.5-2.4]","1.9 [1.5-2.6]","2.0 [1.6-2.7]","2.1 [1.6-2.8]","2.2 [1.6-3.0]","2.2 [1.6-3.1]"
"Chile","0.6 [0.6-0.7]","0.6 [0.6-0.7]","0.6 [0.5-0.6]","0.6 [0.5-0.6]","0.5 [0.5-0.5]","0.5 [0.4-0.5]","0.5 [0.4-0.5]","0.4 [0.4-0.5]","0.4 [0.4-0.4]","0.4 [0.4-0.4]","0.4 [0.3-0.4]","0.4 [0.3-0.4]","0.3 [0.3-0.4]","0.3 [0.3-0.3]","0.3 [0.3-0.3]","0.3 [0.3-0.3]","0.3 [0.3-0.3]","0.3 [0.2-0.3]","0.2 [0.2-0.3]","0.2 [0.2-0.2]","0.2 [0.2-0.2]","0.2 [0.2-0.2]"
"China","No data","No data","No data","No data","No data","No data","No data","No data","No data","No data","No data","No data","No data","No data","No data","No data","No data","No data","No data","No data","No data","No data"
"Colombia","0.5 [0.4-0.7]","0.5 [0.4-0.6]","0.5 [0.4-0.6]","0.5 [0.4-0.6]","0.5 [0.4-0.6]","0.5 [0.4-0.6]","0.5 [0.4-0.5]","0.5 [0.4-0.5]","0.4 [0.4-0.5]","0.4 [0.4-0.5]","0.4 [0.4-0.5]","0.4 [0.4-0.5]","0.4 [0.4-0.5]","0.4 [0.3-0.5]","0.4 [0.3-0.5]","0.4 [0.3-0.5]","0.4 [0.3-0.5]","0.4 [0.3-0.5]","0.4 [0.3-0.5]","0.4 [0.3-0.5]","0.4 [0.3-0.5]","0.4 [0.3-0.5]"
"Comoros","&lt;0.1 [&lt;0.1-&lt;0.1]","&lt;0.1 [&lt;0.1-&lt;0.1]","&lt;0.1 [&lt;0.1-&lt;0.1]","&lt;0.1 [&lt;0.1-&lt;0.1]","&lt;0.1 [&lt;0.1-&lt;0.1]","&lt;0.1 [&lt;0.1-&lt;0.1]","&lt;0.1 [&lt;0.1-&lt;0.1]","&lt;0.1 [&lt;0.1-&lt;0.1]","&lt;0.1 [&lt;0.1-&lt;0.1]","&lt;0.1 [&lt;0.1-&lt;0.1]","&lt;0.1 [&lt;0.1-&lt;0.1]","&lt;0.1 [&lt;0.1-&lt;0.1]","&lt;0.1 [&lt;0.1-&lt;0.1]","&lt;0.1 [&lt;0.1-&lt;0.1]","&lt;0.1 [&lt;0.1-&lt;0.1]","&lt;0.1 [&lt;0.1-&lt;0.1]","&lt;0.1 [&lt;0.1-&lt;0.1]","&lt;0.1 [&lt;0.1-&lt;0.1]","&lt;0.1 [&lt;0.1-&lt;0.1]","&lt;0.1 [&lt;0.1-&lt;0.1]","&lt;0.1 [&lt;0.1-&lt;0.1]","&lt;0.1 [&lt;0.1-&lt;0.1]"
"Congo","3.8 [2.7-5.9]","3.8 [2.7-5.6]","3.7 [2.8-5.3]","3.6 [2.8-5.0]","3.6 [2.8-4.8]","3.6 [2.9-4.6]","3.5 [2.9-4.4]","3.5 [3.0-4.3]","3.5 [3.0-4.2]","3.5 [3.0-4.1]","3.5 [3.0-4.0]","3.5 [3.0-4.0]","3.5 [3.0-4.0]","3.5 [3.0-4.0]","3.5 [3.0-4.1]","3.6 [3.1-4.2]","3.6 [3.1-4.3]","3.7 [3.2-4.4]","3.9 [3.3-4.6]","4.0 [3.4-4.8]","4.1 [3.5-5.0]","4.3 [3.6-5.2]"
"Cook Islands","No data","No data","No data","No data","No data","No data","No data","No data","No data","No data","No data","No data","No data","No data","No data","No data","No data","No data","No data","No data","No data","No data"
"Costa Rica","0.5 [0.4-0.5]","0.5 [0.4-0.5]","0.4 [0.4-0.5]","0.4 [0.4-0.4]","0.4 [0.4-0.4]","0.4 [0.4-0.4]","0.4 [0.3-0.4]","0.4 [0.3-0.4]","0.3 [0.3-0.4]","0.3 [0.3-0.3]","0.3 [0.3-0.3]","0.3 [0.3-0.3]","0.3 [0.3-0.3]","0.3 [0.2-0.3]","0.3 [0.2-0.3]","0.2 [0.2-0.3]","0.2 [0.2-0.2]","0.2 [0.2-0.2]","0.2 [0.2-0.2]","0.2 [0.2-0.2]","0.2 [0.2-0.2]","0.2 [0.2-0.2]"
"CÃ´te d'Ivoire","1.9 [1.7-2.2]","2.1 [1.8-2.3]","2.2 [2.0-2.5]","2.4 [2.1-2.6]","2.5 [2.2-2.8]","2.7 [2.4-2.9]","2.8 [2.6-3.1]","3.0 [2.7-3.3]","3.2 [2.9-3.5]","3.4 [3.0-3.7]","3.5 [3.2-3.9]","3.7 [3.4-4.1]","3.9 [3.5-4.3]","4.2 [3.7-4.6]","4.4 [4.0-4.9]","4.7 [4.2-5.2]","5.1 [4.5-5.6]","5.4 [4.9-6.1]","5.8 [5.2-6.5]","6.1 [5.5-6.9]","6.5 [5.8-7.4]","6.8 [6.0-7.8]"
"Croatia","&lt;0.1 [&lt;0.1-&lt;0.1]","&lt;0.1 [&lt;0.1-&lt;0.1]","&lt;0.1 [&lt;0.1-&lt;0.1]","&lt;0.1 [&lt;0.1-&lt;0.1]","&lt;0.1 [&lt;0.1-&lt;0.1]","&lt;0.1 [&lt;0.1-&lt;0.1]","&lt;0.1 [&lt;0.1-&lt;0.1]","&lt;0.1 [&lt;0.1-&lt;0.1]","&lt;0.1 [&lt;0.1-&lt;0.1]","&lt;0.1 [&lt;0.1-&lt;0.1]","&lt;0.1 [&lt;0.1-&lt;0.1]","&lt;0.1 [&lt;0.1-&lt;0.1]","&lt;0.1 [&lt;0.1-&lt;0.1]","&lt;0.1 [&lt;0.1-&lt;0.1]","&lt;0.1 [&lt;0.1-&lt;0.1]","&lt;0.1 [&lt;0.1-&lt;0.1]","&lt;0.1 [&lt;0.1-&lt;0.1]","&lt;0.1 [&lt;0.1-&lt;0.1]","&lt;0.1 [&lt;0.1-&lt;0.1]","&lt;0.1 [&lt;0.1-&lt;0.1]","&lt;0.1 [&lt;0.1-&lt;0.1]","&lt;0.1 [&lt;0.1-&lt;0.1]"
"Cuba","0.5 [0.5-0.6]","0.5 [0.5-0.6]","0.5 [0.4-0.5]","0.5 [0.4-0.5]","0.4 [0.4-0.5]","0.4 [0.4-0.5]","0.4 [0.4-0.4]","0.4 [0.3-0.4]","0.4 [0.3-0.4]","0.3 [0.3-0.4]","0.3 [0.3-0.3]","0.3 [0.3-0.3]","0.3 [0.3-0.3]","0.3 [0.3-0.3]","0.3 [0.2-0.3]","0.2 [0.2-0.3]","0.2 [0.2-0.2]","0.2 [0.2-0.2]","0.2 [0.2-0.2]","0.2 [0.2-0.2]","0.2 [0.2-0.2]","0.2 [0.2-0.2]"
"Cyprus","0.1 [0.1-0.2]","0.1 [0.1-0.2]","0.1 [0.1-0.2]","0.1 [0.1-0.2]","0.1 [0.1-0.2]","0.1 [0.1-0.1]","0.1 [0.1-0.1]","0.1 [0.1-0.1]","0.1 [0.1-0.1]","0.1 [&lt;0.1-0.1]","&lt;0.1 [&lt;0.1-0.1]","&lt;0.1 [&lt;0.1-&lt;0.1]","&lt;0.1 [&lt;0.1-&lt;0.1]","&lt;0.1 [&lt;0.1-&lt;0.1]","&lt;0.1 [&lt;0.1-&lt;0.1]","&lt;0.1 [&lt;0.1-&lt;0.1]","&lt;0.1 [&lt;0.1-&lt;0.1]","&lt;0.1 [&lt;0.1-&lt;0.1]","&lt;0.1 [&lt;0.1-&lt;0.1]","&lt;0.1 [&lt;0.1-&lt;0.1]","&lt;0.1 [&lt;0.1-&lt;0.1]","&lt;0.1 [&lt;0.1-&lt;0.1]"
"Czechia","No data","No data","No data","No data","No data","No data","No data","No data","No data","No data","No data","No data","No data","No data","No data","No data","No data","No data","No data","No data","No data","No data"
"Democratic People's Republic of Korea","No data","No data","No data","No data","No data","No data","No data","No data","No data","No data","No data","No data","No data","No data","No data","No data","No data","No data","No data","No data","No data","No data"
"Democratic Republic of the Congo","0.7 [0.6-0.9]","0.8 [0.6-0.9]","0.8 [0.7-0.9]","0.8 [0.7-1.0]","0.9 [0.7-1.0]","0.9 [0.8-1.0]","0.9 [0.8-1.1]","1.0 [0.8-1.1]","1.0 [0.9-1.2]","1.1 [0.9-1.2]","1.1 [1.0-1.3]","1.2 [1.0-1.3]","1.2 [1.1-1.4]","1.3 [1.1-1.5]","1.4 [1.2-1.5]","1.4 [1.2-1.6]","1.5 [1.3-1.7]","1.6 [1.4-1.8]","1.6 [1.4-1.8]","1.7 [1.5-1.9]","1.8 [1.6-2.0]","1.9 [1.6-2.1]"
"Denmark","0.1 [&lt;0.1-0.1]","0.1 [&lt;0.1-0.1]","0.1 [&lt;0.1-0.1]","0.1 [&lt;0.1-0.1]","0.1 [0.1-0.1]","0.1 [0.1-0.1]","0.1 [0.1-0.1]","0.1 [0.1-0.1]","0.1 [0.1-0.1]","0.1 [0.1-0.1]","0.1 [0.1-0.1]","0.1 [0.1-0.1]","0.1 [0.1-0.1]","0.1 [0.1-0.1]","0.1 [0.1-0.1]","0.1 [0.1-0.1]","0.1 [0.1-0.1]","0.1 [0.1-0.1]","0.1 [0.1-0.1]","0.1 [0.1-0.1]","0.1 [0.1-0.1]","0.1 [0.1-0.1]"
"Djibouti","0.7 [0.5-1.1]","0.8 [0.5-1.2]","0.9 [0.6-1.3]","0.9 [0.6-1.4]","1.0 [0.6-1.5]","1.1 [0.7-1.6]","1.2 [0.8-1.7]","1.3 [0.8-1.9]","1.4 [0.9-2.0]","1.6 [1.0-2.2]","1.7 [1.1-2.4]","1.9 [1.3-2.6]","2.1 [1.4-2.8]","2.3 [1.6-3.1]","2.5 [1.7-3.3]","2.7 [1.9-3.6]","2.9 [2.1-3.8]","3.2 [2.3-4.2]","3.4 [2.4-4.4]","3.5 [2.6-4.5]","3.5 [2.7-4.8]","3.4 [2.1-4.7]"
"Dominica","No data","No data","No data","No data","No data","No data","No data","No data","No data","No data","No data","No data","No data","No data","No data","No data","No data","No data","No data","No data","No data","No data"
"Dominican Republic","0.9 [0.7-1.1]","1.0 [0.8-1.1]","1.0 [0.8-1.2]","1.0 [0.8-1.2]","1.0 [0.9-1.2]","1.0 [0.9-1.2]","1.0 [0.9-1.2]","1.1 [1.0-1.2]","1.1 [1.0-1.3]","1.1 [1.0-1.3]","1.2 [1.1-1.3]","1.2 [1.1-1.3]","1.2 [1.1-1.4]","1.2 [1.1-1.4]","1.3 [1.1-1.4]","1.3 [1.2-1.5]","1.3 [1.2-1.5]","1.4 [1.2-1.6]","1.4 [1.3-1.6]","1.4 [1.3-1.7]","1.4 [1.3-1.7]","1.4 [1.2-1.7]"
"Ecuador","0.4 [0.3-0.4]","0.4 [0.3-0.4]","0.4 [0.3-0.4]","0.4 [0.3-0.4]","0.4 [0.3-0.4]","0.3 [0.3-0.4]","0.3 [0.3-0.4]","0.3 [0.3-0.4]","0.3 [0.3-0.4]","0.3 [0.3-0.4]","0.3 [0.3-0.4]","0.3 [0.3-0.4]","0.3 [0.3-0.4]","0.3 [0.3-0.4]","0.3 [0.3-0.4]","0.3 [0.3-0.4]","0.3 [0.3-0.4]","0.3 [0.2-0.4]","0.3 [0.2-0.3]","0.3 [0.2-0.3]","0.3 [0.2-0.3]","0.3 [0.2-0.3]"
"Egypt","&lt;0.1 [&lt;0.1-&lt;0.1]","&lt;0.1 [&lt;0.1-&lt;0.1]","&lt;0.1 [&lt;0.1-&lt;0.1]","&lt;0.1 [&lt;0.1-&lt;0.1]","&lt;0.1 [&lt;0.1-&lt;0.1]","&lt;0.1 [&lt;0.1-&lt;0.1]","&lt;0.1 [&lt;0.1-&lt;0.1]","&lt;0.1 [&lt;0.1-&lt;0.1]","&lt;0.1 [&lt;0.1-&lt;0.1]","&lt;0.1 [&lt;0.1-&lt;0.1]","&lt;0.1 [&lt;0.1-&lt;0.1]","&lt;0.1 [&lt;0.1-&lt;0.1]","&lt;0.1 [&lt;0.1-&lt;0.1]","&lt;0.1 [&lt;0.1-&lt;0.1]","&lt;0.1 [&lt;0.1-&lt;0.1]","&lt;0.1 [&lt;0.1-&lt;0.1]","&lt;0.1 [&lt;0.1-&lt;0.1]","&lt;0.1 [&lt;0.1-&lt;0.1]","&lt;0.1 [&lt;0.1-&lt;0.1]","&lt;0.1 [&lt;0.1-&lt;0.1]","&lt;0.1 [&lt;0.1-&lt;0.1]","&lt;0.1 [&lt;0.1-&lt;0.1]"
"El Salvador","0.5 [0.4-0.5]","0.5 [0.4-0.5]","0.5 [0.4-0.5]","0.5 [0.4-0.5]","0.5 [0.5-0.5]","0.5 [0.5-0.5]","0.5 [0.5-0.6]","0.5 [0.5-0.6]","0.6 [0.5-0.6]","0.6 [0.5-0.6]","0.6 [0.5-0.6]","0.6 [0.5-0.6]","0.6 [0.5-0.6]","0.6 [0.5-0.6]","0.6 [0.5-0.6]","0.6 [0.5-0.6]","0.6 [0.5-0.6]","0.6 [0.5-0.6]","0.6 [0.5-0.6]","0.5 [0.5-0.6]","0.5 [0.5-0.6]","0.5 [0.5-0.5]"
"Equatorial Guinea","6.9 [6.8-6.9]","6.9 [6.8-6.9]","6.9 [6.8-6.9]","6.9 [6.8-6.9]","6.8 [6.8-6.9]","6.8 [6.7-6.8]","6.6 [6.6-6.6]","6.5 [6.5-6.5]","6.3 [6.3-6.3]","6.1 [6.1-6.1]","5.9 [5.9-5.9]","5.7 [5.7-5.7]","5.5 [5.5-5.5]","5.2 [5.2-5.2]","5.0 [5.0-5.0]","4.7 [4.7-4.7]","4.5 [4.5-4.5]","4.3 [4.3-4.3]","4.0 [4.0-4.0]","3.8 [3.8-3.8]","3.6 [3.6-3.6]","3.3 [3.3-3.3]"
"Eritrea","0.5 [0.3-0.7]","0.5 [0.4-0.7]","0.6 [0.4-0.8]","0.6 [0.4-0.8]","0.6 [0.5-0.9]","0.7 [0.5-0.9]","0.7 [0.5-1.0]","0.7 [0.6-1.0]","0.8 [0.6-1.0]","0.8 [0.6-1.1]","0.8 [0.6-1.1]","0.9 [0.6-1.1]","0.9 [0.7-1.2]","0.9 [0.7-1.2]","1.0 [0.7-1.3]","1.0 [0.8-1.4]","1.1 [0.8-1.5]","1.2 [0.9-1.6]","1.3 [1.0-1.7]","1.4 [1.0-1.8]","1.5 [1.1-1.9]","1.5 [1.1-2.0]"
"Estonia","No data","No data","No data","No data","No data","No data","No data","No data","No data","No data","No data","No data","No data","No data","No data","No data","No data","No data","No data","No data","No data","No data"
"Eswatini","27.9 [27.0-28.9]","28.6 [27.8-29.4]","29.1 [28.3-29.8]","29.4 [28.7-30.1]","29.7 [29.2-30.3]","29.8 [29.3-30.2]","29.6 [29.1-30.1]","29.4 [28.9-29.9]","29.0 [28.5-29.5]","28.5 [28.1-29.0]","28.2 [27.6-28.7]","27.9 [27.2-28.4]","27.5 [26.7-28.1]","27.1 [26.3-27.8]","26.7 [25.9-27.6]","26.3 [25.4-27.3]","25.9 [24.8-26.9]","25.5 [24.3-26.5]","25.0 [23.5-26.2]","24.3 [22.9-25.6]","23.6 [22.0-25.0]","22.7 [20.9-24.3]"
"Ethiopia","0.8 [0.7-0.8]","0.9 [0.7-0.9]","0.9 [0.8-0.9]","1.0 [0.8-1.0]","1.0 [0.9-1.0]","1.1 [0.9-1.1]","1.1 [0.9-1.2]","1.2 [1.0-1.2]","1.2 [1.0-1.3]","1.3 [1.1-1.3]","1.3 [1.1-1.4]","1.4 [1.2-1.4]","1.4 [1.2-1.5]","1.5 [1.3-1.5]","1.5 [1.3-1.6]","1.6 [1.4-1.7]","1.8 [1.5-1.8]","1.9 [1.6-2.0]","2.1 [1.8-2.2]","2.3 [1.9-2.4]","2.4 [2.1-2.5]","2.6 [2.2-2.7]"
"Fiji","0.2 [0.2-0.5]","0.2 [0.1-0.4]","0.2 [0.1-0.4]","0.2 [0.1-0.4]","0.2 [0.1-0.3]","0.2 [0.1-0.3]","0.1 [0.1-0.2]","0.1 [&lt;0.1-0.2]","0.1 [&lt;0.1-0.2]","0.1 [&lt;0.1-0.2]","&lt;0.1 [&lt;0.1-0.2]","&lt;0.1 [&lt;0.1-0.2]","&lt;0.1 [&lt;0.1-0.2]","&lt;0.1 [&lt;0.1-0.2]","&lt;0.1 [&lt;0.1-0.2]","&lt;0.1 [&lt;0.1-0.2]","&lt;0.1 [&lt;0.1-0.2]","&lt;0.1 [&lt;0.1-0.2]","&lt;0.1 [&lt;0.1-0.2]","&lt;0.1 [&lt;0.1-0.2]","&lt;0.1 [&lt;0.1-0.1]","&lt;0.1 [&lt;0.1-0.1]"
"Finland","No data","No data","No data","No data","No data","No data","No data","No data","No data","No data","No data","No data","No data","No data","No data","No data","No data","No data","No data","No data","No data","No data"
"France","0.3 [0.3-0.4]","0.3 [0.3-0.4]","0.3 [0.3-0.4]","0.3 [0.3-0.4]","0.3 [0.3-0.4]","0.3 [0.3-0.4]","0.3 [0.3-0.4]","0.3 [0.3-0.4]","0.3 [0.3-0.4]","0.3 [0.3-0.4]","0.3 [0.3-0.4]","0.3 [0.3-0.4]","0.3 [0.3-0.4]","0.3 [0.3-0.3]","0.3 [0.3-0.3]","0.3 [0.2-0.3]","0.3 [0.2-0.3]","0.3 [0.2-0.3]","0.3 [0.2-0.3]","0.2 [0.2-0.3]","0.2 [0.2-0.3]","0.2 [0.2-0.2]"
"Gabon","3.0 [2.4-3.9]","3.1 [2.5-4.0]","3.3 [2.7-4.1]","3.4 [2.8-4.2]","3.5 [2.9-4.3]","3.7 [3.1-4.5]","3.8 [3.2-4.6]","3.9 [3.3-4.8]","4.0 [3.4-4.9]","4.1 [3.5-5.0]","4.3 [3.6-5.2]","4.4 [3.8-5.4]","4.6 [3.8-5.6]","4.7 [4.0-5.8]","4.8 [4.0-6.1]","4.9 [4.0-6.3]","5.0 [4.0-6.5]","5.2 [3.9-6.7]","5.3 [3.9-7.0]","5.4 [3.9-7.2]","5.5 [3.9-7.4]","5.4 [3.8-7.5]"
"Gambia","1.7 [1.4-2.2]","1.7 [1.4-2.2]","1.8 [1.4-2.2]","1.8 [1.5-2.3]","1.8 [1.5-2.3]","1.8 [1.5-2.3]","1.9 [1.5-2.3]","1.9 [1.5-2.4]","1.9 [1.5-2.4]","1.9 [1.6-2.4]","1.9 [1.5-2.4]","1.9 [1.5-2.4]","1.9 [1.5-2.4]","1.9 [1.5-2.4]","1.9 [1.5-2.4]","1.9 [1.5-2.4]","1.9 [1.5-2.4]","1.9 [1.4-2.4]","1.8 [1.4-2.4]","1.7 [1.3-2.3]","1.6 [1.3-2.2]","1.5 [1.2-2.0]"
"Georgia","0.3 [0.3-0.3]","0.3 [0.3-0.3]","0.3 [0.3-0.3]","0.3 [0.2-0.3]","0.2 [0.2-0.3]","0.2 [0.2-0.2]","0.2 [0.2-0.2]","0.2 [0.2-0.2]","0.2 [0.2-0.2]","0.2 [0.1-0.2]","0.1 [0.1-0.1]","0.1 [0.1-0.1]","0.1 [&lt;0.1-0.1]","&lt;0.1 [&lt;0.1-&lt;0.1]","&lt;0.1 [&lt;0.1-&lt;0.1]","&lt;0.1 [&lt;0.1-&lt;0.1]","&lt;0.1 [&lt;0.1-&lt;0.1]","&lt;0.1 [&lt;0.1-&lt;0.1]","&lt;0.1 [&lt;0.1-&lt;0.1]","&lt;0.1 [&lt;0.1-&lt;0.1]","&lt;0.1 [&lt;0.1-&lt;0.1]","&lt;0.1 [&lt;0.1-&lt;0.1]"
"Germany","No data","0.1 [0.1-0.2]","0.1 [0.1-0.2]","0.1 [0.1-0.2]","0.1 [0.1-0.1]","0.1 [0.1-0.1]","0.1 [0.1-0.1]","0.1 [0.1-0.1]","0.1 [0.1-0.1]","0.1 [0.1-0.1]","0.1 [&lt;0.1-0.1]","0.1 [&lt;0.1-0.1]","No data","No data","No data","No data","No data","No data","No data","No data","No data","No data"
"Ghana","1.7 [1.6-1.7]","1.7 [1.7-1.7]","1.7 [1.7-1.7]","1.7 [1.7-1.7]","1.8 [1.7-1.8]","1.8 [1.8-1.8]","1.8 [1.8-1.8]","1.8 [1.8-1.8]","1.9 [1.8-1.9]","1.9 [1.9-1.9]","1.9 [1.9-1.9]","2.0 [2.0-2.0]","2.0 [2.0-2.0]","2.1 [2.1-2.1]","2.1 [2.1-2.1]","2.2 [2.2-2.2]","2.3 [2.3-2.3]","2.4 [2.4-2.4]","2.5 [2.5-2.5]","2.5 [2.5-2.5]","2.6 [2.6-2.6]","2.7 [2.7-2.7]"
"Greece","0.2 [0.1-0.2]","0.2 [0.1-0.2]","0.2 [0.1-0.2]","0.2 [0.1-0.2]","0.2 [0.1-0.2]","0.2 [0.1-0.2]","0.2 [0.1-0.2]","0.2 [0.1-0.2]","0.2 [0.1-0.2]","0.2 [0.1-0.2]","0.1 [0.1-0.2]","0.1 [0.1-0.1]","0.1 [&lt;0.1-0.1]","0.1 [&lt;0.1-0.1]","&lt;0.1 [&lt;0.1-0.1]","&lt;0.1 [&lt;0.1-&lt;0.1]","&lt;0.1 [&lt;0.1-&lt;0.1]","&lt;0.1 [&lt;0.1-&lt;0.1]","&lt;0.1 [&lt;0.1-&lt;0.1]","&lt;0.1 [&lt;0.1-&lt;0.1]","&lt;0.1 [&lt;0.1-&lt;0.1]","&lt;0.1 [&lt;0.1-&lt;0.1]"
"Grenada","No data","No data","No data","No data","No data","No data","No data","No data","No data","No data","No data","No data","No data","No data","No data","No data","No data","No data","No data","No data","No data","No data"
"Guatemala","0.2 [0.2-0.3]","0.2 [0.2-0.3]","0.2 [0.2-0.3]","0.3 [0.2-0.3]","0.3 [0.2-0.3]","0.3 [0.3-0.3]","0.3 [0.3-0.3]","0.3 [0.3-0.4]","0.3 [0.3-0.4]","0.4 [0.3-0.4]","0.4 [0.3-0.5]","0.4 [0.4-0.5]","0.4 [0.4-0.5]","0.5 [0.4-0.6]","0.5 [0.4-0.6]","0.5 [0.4-0.7]","0.5 [0.4-0.7]","0.5 [0.4-0.8]","0.6 [0.4-0.8]","0.6 [0.4-0.8]","0.6 [0.4-0.9]","0.6 [0.4-0.9]"
"Guinea","1.5 [1.3-1.7]","1.5 [1.3-1.7]","1.5 [1.4-1.7]","1.6 [1.4-1.8]","1.6 [1.5-1.8]","1.6 [1.5-1.8]","1.7 [1.5-1.8]","1.7 [1.5-1.8]","1.7 [1.5-1.9]","1.7 [1.5-1.9]","1.7 [1.5-1.9]","1.7 [1.5-1.9]","1.7 [1.5-1.9]","1.7 [1.5-1.9]","1.7 [1.5-1.9]","1.7 [1.5-1.9]","1.7 [1.5-2.0]","1.7 [1.5-2.0]","1.7 [1.5-2.0]","1.7 [1.5-2.0]","1.7 [1.4-2.0]","1.7 [1.4-2.0]"
"Guinea-Bissau","3.1 [2.8-3.4]","3.2 [2.9-3.5]","3.3 [3.1-3.7]","3.4 [3.2-3.8]","3.5 [3.3-3.9]","3.6 [3.4-4.0]","3.7 [3.4-4.0]","3.8 [3.5-4.1]","3.8 [3.6-4.2]","3.9 [3.6-4.2]","3.9 [3.6-4.2]","3.9 [3.7-4.2]","4.0 [3.7-4.3]","3.9 [3.7-4.3]","3.9 [3.6-4.2]","3.9 [3.6-4.2]","3.9 [3.6-4.2]","3.8 [3.5-4.1]","3.7 [3.4-4.0]","3.5 [3.2-3.9]","3.3 [3.1-3.7]","3.1 [2.8-3.5]"
"Guyana","1.4 [1.3-1.6]","1.4 [1.3-1.6]","1.4 [1.3-1.5]","1.4 [1.3-1.5]","1.4 [1.3-1.5]","1.4 [1.3-1.5]","1.4 [1.3-1.5]","1.4 [1.3-1.5]","1.4 [1.3-1.5]","1.4 [1.3-1.5]","1.3 [1.3-1.5]","1.3 [1.2-1.4]","1.3 [1.2-1.4]","1.3 [1.1-1.4]","1.2 [1.1-1.3]","1.2 [1.0-1.3]","1.1 [1.0-1.2]","1.0 [0.9-1.2]","1.0 [0.8-1.1]","0.9 [0.7-1.1]","0.8 [0.6-1.0]","0.7 [0.5-1.0]"
"Haiti","1.8 [1.6-2.0]","1.9 [1.7-2.1]","1.9 [1.7-2.1]","1.9 [1.8-2.1]","1.9 [1.8-2.1]","2.0 [1.8-2.1]","2.0 [1.8-2.1]","2.0 [1.9-2.1]","2.0 [1.9-2.2]","2.1 [1.9-2.2]","2.1 [1.9-2.2]","2.1 [1.9-2.3]","2.1 [1.9-2.3]","2.1 [1.9-2.3]","2.2 [2.0-2.4]","2.2 [2.0-2.4]","2.3 [2.1-2.5]","2.4 [2.1-2.6]","2.5 [2.2-2.8]","2.6 [2.3-2.9]","2.7 [2.4-3.0]","2.8 [2.4-3.2]"
"Honduras","0.2 [0.2-0.3]","0.2 [0.2-0.3]","0.2 [0.2-0.3]","0.3 [0.2-0.3]","0.3 [0.3-0.3]","0.3 [0.3-0.3]","0.3 [0.3-0.3]","0.3 [0.3-0.4]","0.4 [0.3-0.4]","0.4 [0.4-0.4]","0.4 [0.4-0.5]","0.5 [0.4-0.5]","0.5 [0.5-0.5]","0.5 [0.5-0.6]","0.6 [0.5-0.6]","0.6 [0.6-0.7]","0.7 [0.6-0.7]","0.7 [0.7-0.8]","0.8 [0.7-0.9]","0.8 [0.7-0.9]","0.9 [0.8-1.0]","0.9 [0.8-1.1]"
"Hungary","No data","No data","No data","No data","No data","No data","No data","No data","No data","No data","No data","No data","No data","No data","No data","No data","No data","No data","No data","No data","No data","No data"
"Iceland","0.1 [0.1-0.1]","0.1 [0.1-0.1]","0.1 [&lt;0.1-0.1]","0.1 [&lt;0.1-0.1]","0.1 [&lt;0.1-0.1]","0.1 [&lt;0.1-0.1]","0.1 [&lt;0.1-0.1]","&lt;0.1 [&lt;0.1-0.1]","&lt;0.1 [&lt;0.1-0.1]","&lt;0.1 [&lt;0.1-0.1]","&lt;0.1 [&lt;0.1-0.1]","&lt;0.1 [&lt;0.1-&lt;0.1]","&lt;0.1 [&lt;0.1-&lt;0.1]","&lt;0.1 [&lt;0.1-&lt;0.1]","&lt;0.1 [&lt;0.1-&lt;0.1]","&lt;0.1 [&lt;0.1-&lt;0.1]","&lt;0.1 [&lt;0.1-&lt;0.1]","&lt;0.1 [&lt;0.1-&lt;0.1]","&lt;0.1 [&lt;0.1-&lt;0.1]","&lt;0.1 [&lt;0.1-&lt;0.1]","&lt;0.1 [&lt;0.1-&lt;0.1]","&lt;0.1 [&lt;0.1-&lt;0.1]"
"India","0.2 [0.2-0.3]","0.2 [0.2-0.3]","0.2 [0.2-0.3]","0.2 [0.2-0.3]","0.2 [0.2-0.3]","0.2 [0.2-0.3]","0.3 [0.2-0.3]","0.3 [0.2-0.3]","0.3 [0.2-0.4]","0.3 [0.2-0.4]","0.3 [0.3-0.4]","0.3 [0.3-0.4]","0.3 [0.3-0.4]","0.4 [0.3-0.4]","0.4 [0.3-0.5]","0.4 [0.3-0.5]","0.4 [0.4-0.5]","0.5 [0.4-0.6]","0.5 [0.4-0.6]","0.5 [0.4-0.6]","0.5 [0.4-0.7]","0.6 [0.5-0.7]"
"Indonesia","0.3 [0.3-0.4]","0.4 [0.3-0.4]","0.4 [0.3-0.4]","0.4 [0.3-0.4]","0.4 [0.3-0.4]","0.4 [0.3-0.4]","0.4 [0.3-0.4]","0.3 [0.3-0.4]","0.3 [0.3-0.4]","0.3 [0.3-0.4]","0.3 [0.3-0.3]","0.3 [0.3-0.3]","0.3 [0.2-0.3]","0.2 [0.2-0.3]","0.2 [0.2-0.2]","0.2 [0.2-0.2]","0.2 [0.1-0.2]","0.1 [0.1-0.1]","0.1 [&lt;0.1-0.1]","&lt;0.1 [&lt;0.1-&lt;0.1]","&lt;0.1 [&lt;0.1-&lt;0.1]","&lt;0.1 [&lt;0.1-&lt;0.1]"
"Iran (Islamic Republic of)","&lt;0.1 [&lt;0.1-0.3]","&lt;0.1 [&lt;0.1-0.3]","&lt;0.1 [&lt;0.1-0.3]","0.1 [&lt;0.1-0.2]","0.1 [&lt;0.1-0.2]","0.1 [&lt;0.1-0.2]","0.1 [&lt;0.1-0.2]","0.1 [&lt;0.1-0.2]","0.1 [&lt;0.1-0.2]","0.1 [0.1-0.2]","0.1 [0.1-0.2]","0.1 [0.1-0.2]","0.1 [0.1-0.2]","0.1 [0.1-0.2]","0.1 [0.1-0.2]","0.1 [0.1-0.2]","0.1 [&lt;0.1-0.2]","0.1 [&lt;0.1-0.1]","&lt;0.1 [&lt;0.1-0.1]","&lt;0.1 [&lt;0.1-0.1]","&lt;0.1 [&lt;0.1-&lt;0.1]","&lt;0.1 [&lt;0.1-&lt;0.1]"
"Iraq","No data","No data","No data","No data","No data","No data","No data","No data","No data","No data","No data","No data","No data","No data","No data","No data","No data","No data","No data","No data","No data","No data"
"Ireland","0.3 [0.2-0.3]","0.3 [0.2-0.3]","0.2 [0.2-0.3]","0.2 [0.2-0.3]","0.2 [0.2-0.2]","0.2 [0.2-0.2]","0.2 [0.2-0.2]","0.2 [0.2-0.2]","0.2 [0.2-0.2]","0.2 [0.2-0.2]","0.2 [0.1-0.2]","0.2 [0.1-0.2]","0.1 [0.1-0.2]","0.1 [0.1-0.1]","0.1 [0.1-0.1]","0.1 [0.1-0.1]","0.1 [&lt;0.1-0.1]","&lt;0.1 [&lt;0.1-0.1]","&lt;0.1 [&lt;0.1-0.1]","&lt;0.1 [&lt;0.1-&lt;0.1]","&lt;0.1 [&lt;0.1-&lt;0.1]","&lt;0.1 [&lt;0.1-&lt;0.1]"
"Israel","No data","No data","No data","No data","No data","No data","No data","No data","No data","No data","No data","No data","No data","No data","No data","No data","No data","No data","No data","No data","No data","No data"
"Italy","0.2 [0.2-0.2]","0.2 [0.2-0.3]","0.2 [0.2-0.3]","0.2 [0.2-0.3]","0.2 [0.2-0.3]","0.3 [0.2-0.3]","0.3 [0.2-0.3]","0.3 [0.2-0.3]","0.3 [0.2-0.3]","0.3 [0.2-0.3]","0.3 [0.2-0.3]","0.3 [0.2-0.3]","0.3 [0.2-0.3]","0.3 [0.2-0.3]","0.3 [0.2-0.3]","0.3 [0.2-0.3]","0.2 [0.2-0.3]","0.2 [0.2-0.3]","0.2 [0.2-0.3]","0.2 [0.2-0.2]","0.2 [0.2-0.2]","0.2 [0.2-0.2]"
"Jamaica","1.3 [1.3-1.3]","1.3 [1.3-1.3]","1.3 [1.3-1.3]","1.3 [1.3-1.3]","1.3 [1.3-1.3]","1.3 [1.3-1.3]","1.4 [1.4-1.4]","1.4 [1.4-1.4]","1.4 [1.4-1.4]","1.4 [1.4-1.4]","1.4 [1.4-1.4]","1.4 [1.4-1.4]","1.4 [1.4-1.4]","1.4 [1.4-1.4]","1.4 [1.4-1.4]","1.4 [1.4-1.4]","1.4 [1.4-1.4]","1.4 [1.4-1.4]","1.4 [1.4-1.4]","1.5 [1.5-1.5]","1.5 [1.5-1.5]","1.5 [1.5-1.5]"
"Japan","No data","No data","No data","No data","No data","No data","No data","No data","No data","No data","No data","No data","No data","No data","No data","No data","No data","No data","No data","No data","No data","No data"
"Jordan","No data","No data","No data","No data","No data","No data","No data","No data","No data","No data","No data","No data","No data","No data","No data","No data","No data","No data","No data","No data","No data","No data"
"Kazakhstan","0.3 [0.3-0.3]","0.3 [0.3-0.3]","0.3 [0.2-0.3]","0.2 [0.2-0.3]","0.2 [0.2-0.2]","0.2 [0.2-0.2]","0.2 [0.2-0.2]","0.2 [0.2-0.2]","0.2 [0.1-0.2]","0.1 [0.1-0.1]","0.1 [0.1-0.1]","0.1 [&lt;0.1-0.1]","&lt;0.1 [&lt;0.1-&lt;0.1]","&lt;0.1 [&lt;0.1-&lt;0.1]","&lt;0.1 [&lt;0.1-&lt;0.1]","&lt;0.1 [&lt;0.1-&lt;0.1]","&lt;0.1 [&lt;0.1-&lt;0.1]","&lt;0.1 [&lt;0.1-&lt;0.1]","&lt;0.1 [&lt;0.1-&lt;0.1]","&lt;0.1 [&lt;0.1-&lt;0.1]","&lt;0.1 [&lt;0.1-&lt;0.1]","&lt;0.1 [&lt;0.1-&lt;0.1]"
"Kenya","4.0 [3.7-4.4]","4.2 [3.8-4.6]","4.4 [4.0-4.8]","4.5 [4.2-5.0]","4.7 [4.3-5.2]","4.9 [4.5-5.4]","5.0 [4.6-5.6]","5.2 [4.8-5.7]","5.3 [4.9-5.9]","5.5 [5.0-6.0]","5.6 [5.1-6.2]","5.7 [5.2-6.3]","5.9 [5.4-6.5]","6.0 [5.5-6.6]","6.2 [5.7-6.8]","6.4 [5.9-7.1]","6.7 [6.2-7.4]","7.1 [6.5-7.9]","7.6 [6.9-8.4]","8.1 [7.4-8.9]","8.5 [7.8-9.4]","9.0 [8.2-10.0]"
"Kiribati","No data","No data","No data","No data","No data","No data","No data","No data","No data","No data","No data","No data","No data","No data","No data","No data","No data","No data","No data","No data","No data","No data"
"Kuwait","No data","No data","No data","No data","No data","No data","No data","No data","No data","No data","No data","No data","No data","No data","No data","No data","No data","No data","No data","No data","No data","No data"
"Kyrgyzstan","0.2 [0.2-0.3]","0.2 [0.2-0.3]","0.2 [0.2-0.2]","0.2 [0.2-0.2]","0.2 [0.2-0.2]","0.2 [0.2-0.2]","0.2 [0.2-0.2]","0.2 [0.2-0.2]","0.2 [0.2-0.2]","0.2 [0.2-0.2]","0.2 [0.2-0.2]","0.2 [0.1-0.2]","0.1 [0.1-0.2]","0.1 [0.1-0.1]","&lt;0.1 [&lt;0.1-0.1]","&lt;0.1 [&lt;0.1-&lt;0.1]","&lt;0.1 [&lt;0.1-&lt;0.1]","&lt;0.1 [&lt;0.1-&lt;0.1]","&lt;0.1 [&lt;0.1-&lt;0.1]","&lt;0.1 [&lt;0.1-&lt;0.1]","&lt;0.1 [&lt;0.1-&lt;0.1]","&lt;0.1 [&lt;0.1-&lt;0.1]"
"Lao People's Democratic Republic","0.3 [0.3-0.4]","0.3 [0.3-0.4]","0.3 [0.3-0.4]","0.3 [0.3-0.4]","0.3 [0.3-0.4]","0.3 [0.3-0.4]","0.3 [0.3-0.3]","0.3 [0.3-0.3]","0.3 [0.3-0.3]","0.3 [0.2-0.3]","0.3 [0.2-0.3]","0.3 [0.2-0.3]","0.2 [0.2-0.3]","0.2 [0.2-0.2]","0.2 [0.2-0.2]","0.2 [0.2-0.2]","0.2 [0.2-0.2]","0.2 [0.1-0.2]","0.1 [0.1-0.2]","0.1 [0.1-0.1]","&lt;0.1 [&lt;0.1-0.1]","&lt;0.1 [&lt;0.1-&lt;0.1]"
"Latvia","0.7 [0.5-0.9]","0.7 [0.5-0.9]","0.6 [0.4-0.8]","0.6 [0.4-0.8]","0.6 [0.4-0.7]","0.5 [0.4-0.7]","0.5 [0.3-0.6]","0.4 [0.3-0.6]","0.4 [0.3-0.6]","0.4 [0.3-0.5]","0.4 [0.3-0.5]","0.4 [0.2-0.5]","0.3 [0.2-0.5]","0.3 [0.2-0.4]","0.3 [0.2-0.4]","0.3 [0.2-0.4]","0.3 [0.2-0.4]","0.3 [0.2-0.4]","0.3 [0.2-0.4]","0.3 [0.2-0.4]","0.3 [0.2-0.4]","0.2 [0.2-0.3]"
"Lebanon","&lt;0.1 [&lt;0.1-&lt;0.1]","&lt;0.1 [&lt;0.1-&lt;0.1]","&lt;0.1 [&lt;0.1-&lt;0.1]","&lt;0.1 [&lt;0.1-&lt;0.1]","&lt;0.1 [&lt;0.1-&lt;0.1]","&lt;0.1 [&lt;0.1-&lt;0.1]","&lt;0.1 [&lt;0.1-&lt;0.1]","&lt;0.1 [&lt;0.1-&lt;0.1]","&lt;0.1 [&lt;0.1-&lt;0.1]","&lt;0.1 [&lt;0.1-&lt;0.1]","&lt;0.1 [&lt;0.1-&lt;0.1]","&lt;0.1 [&lt;0.1-&lt;0.1]","&lt;0.1 [&lt;0.1-&lt;0.1]","&lt;0.1 [&lt;0.1-&lt;0.1]","&lt;0.1 [&lt;0.1-&lt;0.1]","&lt;0.1 [&lt;0.1-&lt;0.1]","&lt;0.1 [&lt;0.1-&lt;0.1]","&lt;0.1 [&lt;0.1-&lt;0.1]","&lt;0.1 [&lt;0.1-&lt;0.1]","&lt;0.1 [&lt;0.1-&lt;0.1]","&lt;0.1 [&lt;0.1-&lt;0.1]","&lt;0.1 [&lt;0.1-&lt;0.1]"
"Lesotho","20.9 [19.2-21.1]","21.6 [20.0-21.7]","22.3 [20.8-22.4]","23.0 [21.7-23.0]","23.6 [22.5-23.7]","24.2 [23.3-24.2]","24.6 [23.8-24.6]","24.7 [24.2-24.8]","24.8 [24.4-24.8]","24.6 [24.4-24.7]","24.4 [24.3-24.5]","24.2 [24.2-24.3]","24.0 [24.0-24.0]","23.7 [23.7-23.8]","23.5 [23.5-23.5]","23.3 [23.2-23.3]","23.1 [23.0-23.1]","22.9 [22.9-22.9]","22.7 [22.7-22.7]","22.5 [22.5-22.5]","22.1 [22.1-22.1]","21.5 [21.5-21.5]"
"Liberia","1.1 [0.9-1.3]","1.1 [0.9-1.4]","1.1 [1.0-1.4]","1.2 [1.0-1.4]","1.2 [1.1-1.5]","1.3 [1.1-1.6]","1.4 [1.2-1.6]","1.4 [1.2-1.7]","1.5 [1.3-1.8]","1.6 [1.3-1.8]","1.6 [1.4-1.9]","1.7 [1.5-1.9]","1.8 [1.6-2.0]","1.8 [1.6-2.1]","1.9 [1.7-2.2]","2.0 [1.8-2.3]","2.1 [1.9-2.4]","2.3 [2.0-2.6]","2.4 [2.1-2.8]","2.5 [2.1-2.9]","2.6 [2.2-3.1]","2.7 [2.2-3.3]"
"Libya","0.2 [0.2-0.2]","0.2 [0.2-0.2]","0.2 [0.1-0.2]","0.2 [0.1-0.2]","0.2 [0.1-0.2]","0.2 [0.1-0.2]","0.1 [0.1-0.2]","0.1 [0.1-0.1]","0.1 [0.1-0.1]","0.1 [0.1-0.1]","0.1 [0.1-0.1]","0.1 [0.1-0.1]","0.1 [0.1-0.1]","&lt;0.1 [&lt;0.1-0.1]","&lt;0.1 [&lt;0.1-&lt;0.1]","&lt;0.1 [&lt;0.1-&lt;0.1]","&lt;0.1 [&lt;0.1-&lt;0.1]","&lt;0.1 [&lt;0.1-&lt;0.1]","&lt;0.1 [&lt;0.1-&lt;0.1]","&lt;0.1 [&lt;0.1-&lt;0.1]","&lt;0.1 [&lt;0.1-&lt;0.1]","&lt;0.1 [&lt;0.1-&lt;0.1]"
"Lithuania","0.2 [0.2-0.3]","0.2 [0.2-0.2]","0.2 [0.2-0.2]","0.2 [0.2-0.2]","0.2 [0.2-0.2]","0.2 [0.1-0.2]","0.2 [0.1-0.2]","0.2 [0.1-0.2]","0.1 [0.1-0.2]","0.1 [0.1-0.2]","0.1 [0.1-0.1]","0.1 [&lt;0.1-0.1]","0.1 [&lt;0.1-0.1]","0.1 [&lt;0.1-0.1]","&lt;0.1 [&lt;0.1-0.1]","&lt;0.1 [&lt;0.1-0.1]","&lt;0.1 [&lt;0.1-&lt;0.1]","&lt;0.1 [&lt;0.1-&lt;0.1]","&lt;0.1 [&lt;0.1-&lt;0.1]","&lt;0.1 [&lt;0.1-&lt;0.1]","&lt;0.1 [&lt;0.1-&lt;0.1]","&lt;0.1 [&lt;0.1-&lt;0.1]"
"Luxembourg","0.2 [0.2-0.3]","0.2 [0.2-0.3]","0.2 [0.2-0.3]","0.2 [0.2-0.3]","0.2 [0.2-0.3]","0.2 [0.2-0.3]","0.2 [0.2-0.3]","0.2 [0.2-0.3]","0.2 [0.2-0.2]","0.2 [0.2-0.2]","0.2 [0.2-0.2]","0.2 [0.2-0.2]","0.2 [0.2-0.2]","0.2 [0.2-0.2]","0.2 [0.2-0.2]","0.2 [0.2-0.2]","0.2 [0.1-0.2]","0.2 [0.1-0.2]","0.1 [0.1-0.2]","0.1 [0.1-0.2]","0.1 [0.1-0.1]","0.1 [0.1-0.1]"
"Madagascar","0.4 [0.3-0.5]","0.3 [0.3-0.4]","0.3 [0.3-0.4]","0.3 [0.2-0.4]","0.3 [0.2-0.3]","0.2 [0.2-0.3]","0.2 [0.2-0.3]","0.2 [0.2-0.2]","0.2 [0.1-0.2]","0.2 [0.1-0.2]","0.1 [0.1-0.2]","0.1 [&lt;0.1-0.1]","&lt;0.1 [&lt;0.1-0.1]","&lt;0.1 [&lt;0.1-0.1]","&lt;0.1 [&lt;0.1-&lt;0.1]","&lt;0.1 [&lt;0.1-&lt;0.1]","&lt;0.1 [&lt;0.1-&lt;0.1]","&lt;0.1 [&lt;0.1-&lt;0.1]","&lt;0.1 [&lt;0.1-&lt;0.1]","&lt;0.1 [&lt;0.1-&lt;0.1]","&lt;0.1 [&lt;0.1-&lt;0.1]","&lt;0.1 [&lt;0.1-&lt;0.1]"
"Malawi","7.7 [7.1-8.0]","8.1 [7.5-8.4]","8.4 [7.9-8.8]","8.8 [8.3-9.1]","9.2 [8.7-9.5]","9.5 [9.0-9.8]","9.7 [9.3-10.1]","10.0 [9.6-10.3]","10.2 [9.8-10.5]","10.4 [10.0-10.7]","10.6 [10.2-10.9]","10.7 [10.4-11.1]","10.9 [10.6-11.4]","11.2 [10.8-11.7]","11.5 [11.0-12.0]","12.0 [11.4-12.5]","12.5 [11.9-13.0]","13.0 [12.4-13.6]","13.6 [12.9-14.2]","14.2 [13.4-14.9]","14.7 [13.9-15.5]","15.1 [14.2-16.0]"
"Malaysia","0.3 [0.3-0.4]","0.3 [0.3-0.4]","0.3 [0.3-0.3]","0.3 [0.3-0.3]","0.3 [0.3-0.3]","0.3 [0.3-0.3]","0.3 [0.3-0.3]","0.3 [0.3-0.3]","0.3 [0.3-0.4]","0.3 [0.3-0.4]","0.3 [0.3-0.4]","0.3 [0.3-0.4]","0.3 [0.3-0.4]","0.3 [0.3-0.4]","0.4 [0.3-0.4]","0.4 [0.3-0.4]","0.4 [0.3-0.4]","0.4 [0.3-0.4]","0.4 [0.3-0.4]","0.4 [0.3-0.4]","0.4 [0.3-0.4]","0.4 [0.3-0.4]"
"Maldives","No data","No data","No data","No data","No data","No data","No data","No data","No data","No data","No data","No data","No data","No data","No data","No data","No data","No data","No data","No data","No data","No data"
"Mali","0.8 [0.6-1.0]","0.8 [0.7-1.1]","0.9 [0.7-1.1]","0.9 [0.7-1.1]","1.0 [0.8-1.2]","1.0 [0.8-1.2]","1.0 [0.9-1.2]","1.1 [0.9-1.3]","1.1 [0.9-1.3]","1.2 [1.0-1.4]","1.2 [1.0-1.4]","1.2 [1.0-1.4]","1.3 [1.1-1.5]","1.3 [1.1-1.5]","1.4 [1.1-1.5]","1.4 [1.2-1.6]","1.5 [1.2-1.7]","1.5 [1.3-1.8]","1.6 [1.3-1.8]","1.6 [1.4-1.9]","1.7 [1.4-2.0]","1.7 [1.4-2.1]"
"Malta","No data","No data","No data","No data","No data","No data","No data","No data","No data","No data","No data","No data","No data","No data","No data","No data","No data","No data","No data","No data","No data","No data"
"Marshall Islands","No data","No data","No data","No data","No data","No data","No data","No data","No data","No data","No data","No data","No data","No data","No data","No data","No data","No data","No data","No data","No data","No data"
"Mauritania","0.3 [0.3-0.4]","0.3 [0.3-0.4]","0.4 [0.3-0.4]","0.4 [0.3-0.4]","0.4 [0.3-0.4]","0.4 [0.3-0.5]","0.4 [0.3-0.5]","0.4 [0.4-0.5]","0.4 [0.4-0.5]","0.5 [0.4-0.5]","0.5 [0.4-0.6]","0.5 [0.4-0.6]","0.5 [0.5-0.6]","0.6 [0.5-0.6]","0.6 [0.5-0.6]","0.6 [0.5-0.6]","0.6 [0.5-0.7]","0.6 [0.5-0.7]","0.6 [0.5-0.7]","0.6 [0.5-0.7]","0.6 [0.5-0.7]","0.6 [0.5-0.7]"
"Mauritius","1.4 [1.2-1.5]","1.4 [1.3-1.5]","1.4 [1.3-1.5]","1.5 [1.4-1.6]","1.5 [1.4-1.6]","1.5 [1.4-1.6]","1.5 [1.5-1.6]","1.6 [1.5-1.6]","1.6 [1.5-1.6]","1.5 [1.5-1.6]","1.5 [1.4-1.6]","1.5 [1.4-1.6]","1.5 [1.4-1.6]","1.4 [1.3-1.5]","1.4 [1.3-1.5]","1.3 [1.2-1.5]","1.3 [1.0-1.4]","1.2 [0.9-1.3]","1.1 [0.8-1.3]","1.0 [0.6-1.2]","0.8 [0.5-1.1]","0.7 [0.4-1.0]"
"Mexico","0.4 [0.3-0.4]","0.4 [0.3-0.4]","0.4 [0.3-0.4]","0.4 [0.3-0.4]","0.4 [0.3-0.4]","0.4 [0.3-0.4]","0.3 [0.3-0.4]","0.3 [0.3-0.4]","0.3 [0.3-0.4]","0.3 [0.3-0.3]","0.3 [0.3-0.3]","0.3 [0.3-0.3]","0.3 [0.3-0.3]","0.3 [0.3-0.3]","0.3 [0.3-0.3]","0.3 [0.3-0.3]","0.3 [0.3-0.3]","0.3 [0.2-0.3]","0.3 [0.2-0.3]","0.2 [0.2-0.3]","0.2 [0.2-0.2]","0.2 [0.2-0.2]"
"Micronesia (Federated States of)","No data","No data","No data","No data","No data","No data","No data","No data","No data","No data","No data","No data","No data","No data","No data","No data","No data","No data","No data","No data","No data","No data"
"Monaco","No data","No data","No data","No data","No data","No data","No data","No data","No data","No data","No data","No data","No data","No data","No data","No data","No data","No data","No data","No data","No data","No data"
"Mongolia","&lt;0.1 [&lt;0.1-&lt;0.1]","&lt;0.1 [&lt;0.1-&lt;0.1]","&lt;0.1 [&lt;0.1-&lt;0.1]","&lt;0.1 [&lt;0.1-&lt;0.1]","&lt;0.1 [&lt;0.1-&lt;0.1]","&lt;0.1 [&lt;0.1-&lt;0.1]","&lt;0.1 [&lt;0.1-&lt;0.1]","&lt;0.1 [&lt;0.1-&lt;0.1]","&lt;0.1 [&lt;0.1-&lt;0.1]","&lt;0.1 [&lt;0.1-&lt;0.1]","&lt;0.1 [&lt;0.1-&lt;0.1]","&lt;0.1 [&lt;0.1-&lt;0.1]","&lt;0.1 [&lt;0.1-&lt;0.1]","&lt;0.1 [&lt;0.1-&lt;0.1]","&lt;0.1 [&lt;0.1-&lt;0.1]","&lt;0.1 [&lt;0.1-&lt;0.1]","&lt;0.1 [&lt;0.1-&lt;0.1]","&lt;0.1 [&lt;0.1-&lt;0.1]","&lt;0.1 [&lt;0.1-&lt;0.1]","&lt;0.1 [&lt;0.1-&lt;0.1]","&lt;0.1 [&lt;0.1-&lt;0.1]","&lt;0.1 [&lt;0.1-&lt;0.1]"
"Montenegro","&lt;0.1 [&lt;0.1-0.1]","&lt;0.1 [&lt;0.1-0.1]","&lt;0.1 [&lt;0.1-0.1]","&lt;0.1 [&lt;0.1-0.1]","&lt;0.1 [&lt;0.1-&lt;0.1]","&lt;0.1 [&lt;0.1-&lt;0.1]","&lt;0.1 [&lt;0.1-&lt;0.1]","&lt;0.1 [&lt;0.1-&lt;0.1]","&lt;0.1 [&lt;0.1-&lt;0.1]","&lt;0.1 [&lt;0.1-&lt;0.1]","&lt;0.1 [&lt;0.1-&lt;0.1]","&lt;0.1 [&lt;0.1-&lt;0.1]","&lt;0.1 [&lt;0.1-&lt;0.1]","&lt;0.1 [&lt;0.1-&lt;0.1]","&lt;0.1 [&lt;0.1-&lt;0.1]","&lt;0.1 [&lt;0.1-&lt;0.1]","&lt;0.1 [&lt;0.1-&lt;0.1]","&lt;0.1 [&lt;0.1-&lt;0.1]","&lt;0.1 [&lt;0.1-&lt;0.1]","&lt;0.1 [&lt;0.1-&lt;0.1]","&lt;0.1 [&lt;0.1-&lt;0.1]","&lt;0.1 [&lt;0.1-&lt;0.1]"
"Morocco","&lt;0.1 [&lt;0.1-&lt;0.1]","&lt;0.1 [&lt;0.1-&lt;0.1]","&lt;0.1 [&lt;0.1-&lt;0.1]","&lt;0.1 [&lt;0.1-&lt;0.1]","&lt;0.1 [&lt;0.1-&lt;0.1]","&lt;0.1 [&lt;0.1-&lt;0.1]","&lt;0.1 [&lt;0.1-&lt;0.1]","&lt;0.1 [&lt;0.1-&lt;0.1]","&lt;0.1 [&lt;0.1-&lt;0.1]","&lt;0.1 [&lt;0.1-&lt;0.1]","&lt;0.1 [&lt;0.1-&lt;0.1]","&lt;0.1 [&lt;0.1-&lt;0.1]","&lt;0.1 [&lt;0.1-&lt;0.1]","&lt;0.1 [&lt;0.1-&lt;0.1]","&lt;0.1 [&lt;0.1-&lt;0.1]","&lt;0.1 [&lt;0.1-&lt;0.1]","&lt;0.1 [&lt;0.1-&lt;0.1]","&lt;0.1 [&lt;0.1-&lt;0.1]","&lt;0.1 [&lt;0.1-&lt;0.1]","&lt;0.1 [&lt;0.1-&lt;0.1]","&lt;0.1 [&lt;0.1-&lt;0.1]","&lt;0.1 [&lt;0.1-&lt;0.1]"
"Mozambique","No data","No data","No data","No data","No data","No data","No data","No data","No data","No data","No data","No data","No data","No data","No data","No data","No data","No data","No data","No data","No data","No data"
"Myanmar","0.8 [0.7-0.9]","0.8 [0.7-0.9]","0.8 [0.7-0.9]","0.8 [0.7-0.9]","0.8 [0.7-0.9]","0.9 [0.7-0.9]","0.9 [0.8-0.9]","0.9 [0.8-0.9]","0.9 [0.8-0.9]","0.9 [0.8-0.9]","0.9 [0.8-0.9]","0.9 [0.8-0.9]","0.9 [0.8-0.9]","0.9 [0.8-0.9]","0.8 [0.8-0.9]","0.8 [0.7-0.9]","0.8 [0.7-0.9]","0.8 [0.7-0.9]","0.8 [0.7-0.8]","0.7 [0.6-0.8]","0.7 [0.6-0.7]","0.6 [0.5-0.7]"
"Namibia","11.8 [11.1-12.4]","12.1 [11.5-12.7]","12.4 [11.8-13.0]","12.6 [12.1-13.2]","12.8 [12.2-13.3]","12.9 [12.4-13.5]","13.1 [12.6-13.6]","13.1 [12.7-13.7]","13.3 [12.8-13.9]","13.4 [12.9-14.0]","13.5 [13.0-14.2]","13.5 [13.0-14.3]","13.6 [13.0-14.3]","13.6 [13.0-14.3]","13.7 [13.0-14.4]","13.8 [13.1-14.5]","13.9 [13.2-14.7]","14.1 [13.3-15.0]","14.3 [13.4-15.2]","14.4 [13.5-15.4]","14.3 [13.4-15.3]","14.1 [13.1-15.1]"
"Nauru","No data","No data","No data","No data","No data","No data","No data","No data","No data","No data","No data","No data","No data","No data","No data","No data","No data","No data","No data","No data","No data","No data"
"Nepal","0.1 [0.1-0.1]","0.1 [0.1-0.1]","0.1 [0.1-0.1]","0.1 [0.1-0.1]","0.1 [0.1-0.2]","0.1 [0.1-0.2]","0.2 [0.1-0.2]","0.2 [0.1-0.2]","0.2 [0.1-0.2]","0.2 [0.2-0.2]","0.2 [0.2-0.2]","0.2 [0.2-0.2]","0.2 [0.2-0.2]","0.2 [0.2-0.2]","0.2 [0.2-0.2]","0.2 [0.2-0.2]","0.2 [0.2-0.2]","0.2 [0.2-0.2]","0.2 [0.2-0.2]","0.2 [0.1-0.2]","0.2 [0.1-0.2]","0.1 [0.1-0.1]"
"Netherlands","0.1 [0.1-0.2]","0.2 [0.1-0.2]","0.2 [0.1-0.2]","0.2 [0.1-0.2]","0.2 [0.1-0.2]","0.2 [0.1-0.2]","0.2 [0.1-0.2]","0.2 [0.1-0.2]","0.2 [0.1-0.2]","0.2 [0.1-0.2]","0.2 [0.1-0.2]","0.2 [0.1-0.2]","0.2 [0.1-0.2]","0.2 [0.1-0.2]","0.2 [0.1-0.2]","0.1 [0.1-0.2]","0.1 [0.1-0.2]","0.1 [0.1-0.2]","0.1 [0.1-0.1]","0.1 [&lt;0.1-0.1]","0.1 [&lt;0.1-0.1]","0.1 [&lt;0.1-0.1]"
"New Zealand","&lt;0.1 [&lt;0.1-&lt;0.1]","&lt;0.1 [&lt;0.1-&lt;0.1]","&lt;0.1 [&lt;0.1-&lt;0.1]","&lt;0.1 [&lt;0.1-&lt;0.1]","&lt;0.1 [&lt;0.1-&lt;0.1]","&lt;0.1 [&lt;0.1-&lt;0.1]","&lt;0.1 [&lt;0.1-&lt;0.1]","&lt;0.1 [&lt;0.1-&lt;0.1]","&lt;0.1 [&lt;0.1-&lt;0.1]","&lt;0.1 [&lt;0.1-&lt;0.1]","&lt;0.1 [&lt;0.1-&lt;0.1]","&lt;0.1 [&lt;0.1-&lt;0.1]","&lt;0.1 [&lt;0.1-&lt;0.1]","&lt;0.1 [&lt;0.1-&lt;0.1]","&lt;0.1 [&lt;0.1-&lt;0.1]","&lt;0.1 [&lt;0.1-&lt;0.1]","&lt;0.1 [&lt;0.1-&lt;0.1]","&lt;0.1 [&lt;0.1-&lt;0.1]","&lt;0.1 [&lt;0.1-&lt;0.1]","&lt;0.1 [&lt;0.1-&lt;0.1]","&lt;0.1 [&lt;0.1-&lt;0.1]","&lt;0.1 [&lt;0.1-&lt;0.1]"
"Nicaragua","0.3 [0.2-0.3]","0.3 [0.2-0.3]","0.3 [0.2-0.3]","0.3 [0.2-0.3]","0.3 [0.2-0.3]","0.3 [0.2-0.3]","0.3 [0.2-0.3]","0.2 [0.2-0.3]","0.2 [0.2-0.3]","0.2 [0.2-0.3]","0.2 [0.2-0.3]","0.2 [0.2-0.3]","0.2 [0.2-0.3]","0.2 [0.2-0.3]","0.2 [0.2-0.3]","0.2 [0.2-0.3]","0.2 [0.1-0.3]","0.2 [0.1-0.3]","0.2 [0.1-0.2]","0.2 [0.1-0.2]","0.2 [0.1-0.2]","0.1 [&lt;0.1-0.2]"
"Niger","0.2 [0.2-0.2]","0.2 [0.2-0.2]","0.2 [0.2-0.2]","0.2 [0.2-0.2]","0.2 [0.2-0.3]","0.2 [0.2-0.3]","0.3 [0.2-0.3]","0.3 [0.3-0.3]","0.3 [0.3-0.3]","0.3 [0.3-0.4]","0.4 [0.3-0.4]","0.4 [0.4-0.4]","0.4 [0.4-0.5]","0.5 [0.4-0.5]","0.5 [0.5-0.6]","0.5 [0.5-0.6]","0.6 [0.5-0.6]","0.6 [0.5-0.7]","0.6 [0.6-0.7]","0.7 [0.6-0.8]","0.7 [0.6-0.8]","0.7 [0.6-0.8]"
"Nigeria","1.3 [1.2-1.4]","1.4 [1.3-1.4]","1.4 [1.3-1.5]","1.4 [1.4-1.5]","1.5 [1.4-1.5]","1.5 [1.4-1.6]","1.5 [1.5-1.6]","1.6 [1.5-1.6]","1.6 [1.5-1.7]","1.6 [1.5-1.7]","1.6 [1.5-1.7]","1.7 [1.5-1.8]","1.7 [1.5-1.8]","1.7 [1.6-1.9]","1.7 [1.6-1.9]","1.8 [1.6-2.0]","1.8 [1.7-2.1]","1.9 [1.7-2.2]","1.9 [1.7-2.3]","2.0 [1.8-2.3]","2.1 [1.8-2.4]","2.1 [1.8-2.5]"
"Niue","No data","No data","No data","No data","No data","No data","No data","No data","No data","No data","No data","No data","No data","No data","No data","No data","No data","No data","No data","No data","No data","No data"
"Norway","&lt;0.1 [&lt;0.1-0.1]","&lt;0.1 [&lt;0.1-0.1]","&lt;0.1 [&lt;0.1-0.1]","&lt;0.1 [&lt;0.1-0.1]","&lt;0.1 [&lt;0.1-0.1]","&lt;0.1 [&lt;0.1-0.1]","&lt;0.1 [&lt;0.1-0.1]","&lt;0.1 [&lt;0.1-0.1]","&lt;0.1 [&lt;0.1-0.1]","&lt;0.1 [&lt;0.1-0.1]","&lt;0.1 [&lt;0.1-0.1]","&lt;0.1 [&lt;0.1-&lt;0.1]","&lt;0.1 [&lt;0.1-&lt;0.1]","&lt;0.1 [&lt;0.1-&lt;0.1]","&lt;0.1 [&lt;0.1-&lt;0.1]","&lt;0.1 [&lt;0.1-&lt;0.1]","&lt;0.1 [&lt;0.1-&lt;0.1]","&lt;0.1 [&lt;0.1-&lt;0.1]","&lt;0.1 [&lt;0.1-&lt;0.1]","&lt;0.1 [&lt;0.1-&lt;0.1]","&lt;0.1 [&lt;0.1-&lt;0.1]","&lt;0.1 [&lt;0.1-&lt;0.1]"
"Oman","0.1 [0.1-0.2]","0.1 [0.1-0.1]","0.1 [0.1-0.1]","0.1 [0.1-0.1]","0.1 [0.1-0.1]","0.1 [0.1-0.1]","0.1 [0.1-0.1]","0.1 [0.1-0.1]","0.1 [0.1-0.1]","0.1 [0.1-0.1]","0.1 [0.1-0.1]","0.1 [0.1-0.1]","0.1 [0.1-0.1]","0.1 [0.1-0.1]","0.1 [0.1-0.1]","0.1 [0.1-0.1]","0.1 [0.1-0.1]","0.1 [0.1-0.1]","0.1 [0.1-0.1]","0.1 [0.1-0.1]","0.1 [0.1-0.1]","0.1 [0.1-0.1]"
"Pakistan","0.2 [0.1-0.2]","0.2 [0.1-0.2]","0.1 [0.1-0.2]","0.1 [0.1-0.1]","0.1 [0.1-0.1]","0.1 [0.1-0.1]","0.1 [&lt;0.1-0.1]","0.1 [&lt;0.1-0.1]","&lt;0.1 [&lt;0.1-0.1]","&lt;0.1 [&lt;0.1-&lt;0.1]","&lt;0.1 [&lt;0.1-&lt;0.1]","&lt;0.1 [&lt;0.1-&lt;0.1]","&lt;0.1 [&lt;0.1-&lt;0.1]","&lt;0.1 [&lt;0.1-&lt;0.1]","&lt;0.1 [&lt;0.1-&lt;0.1]","&lt;0.1 [&lt;0.1-&lt;0.1]","&lt;0.1 [&lt;0.1-&lt;0.1]","&lt;0.1 [&lt;0.1-&lt;0.1]","&lt;0.1 [&lt;0.1-&lt;0.1]","&lt;0.1 [&lt;0.1-&lt;0.1]","&lt;0.1 [&lt;0.1-&lt;0.1]","&lt;0.1 [&lt;0.1-&lt;0.1]"
"Palau","No data","No data","No data","No data","No data","No data","No data","No data","No data","No data","No data","No data","No data","No data","No data","No data","No data","No data","No data","No data","No data","No data"
"Panama","No data","No data","No data","No data","No data","No data","No data","No data","No data","No data","No data","No data","No data","No data","No data","No data","No data","No data","No data","No data","No data","No data"
"Papua New Guinea","0.9 [0.8-1.0]","0.9 [0.8-1.0]","0.9 [0.8-1.0]","0.9 [0.8-1.0]","0.9 [0.8-0.9]","0.8 [0.8-0.9]","0.8 [0.7-0.9]","0.8 [0.7-0.9]","0.8 [0.7-0.8]","0.8 [0.7-0.8]","0.7 [0.7-0.8]","0.7 [0.7-0.8]","0.7 [0.6-0.8]","0.7 [0.6-0.8]","0.7 [0.6-0.8]","0.7 [0.6-0.7]","0.6 [0.5-0.7]","0.6 [0.5-0.7]","0.5 [0.5-0.6]","0.5 [0.4-0.5]","0.4 [0.3-0.5]","0.3 [0.2-0.4]"
"Paraguay","0.3 [0.3-0.4]","0.3 [0.3-0.4]","0.3 [0.3-0.4]","0.3 [0.3-0.4]","0.3 [0.3-0.4]","0.3 [0.3-0.3]","0.3 [0.3-0.3]","0.3 [0.3-0.3]","0.3 [0.3-0.3]","0.3 [0.3-0.3]","0.3 [0.3-0.3]","0.3 [0.3-0.3]","0.3 [0.2-0.3]","0.3 [0.2-0.3]","0.3 [0.2-0.3]","0.3 [0.2-0.3]","0.3 [0.2-0.3]","0.3 [0.2-0.3]","0.2 [0.2-0.3]","0.2 [0.2-0.3]","0.2 [0.2-0.3]","0.2 [0.2-0.3]"
"Peru","0.4 [0.3-0.4]","0.4 [0.3-0.4]","0.4 [0.3-0.4]","0.3 [0.3-0.4]","0.3 [0.3-0.4]","0.3 [0.3-0.4]","0.3 [0.3-0.4]","0.3 [0.3-0.4]","0.3 [0.3-0.3]","0.3 [0.3-0.4]","0.3 [0.3-0.4]","0.3 [0.3-0.3]","0.3 [0.3-0.3]","0.3 [0.3-0.3]","0.3 [0.3-0.3]","0.3 [0.3-0.3]","0.3 [0.3-0.3]","0.3 [0.3-0.3]","0.3 [0.3-0.4]","0.3 [0.3-0.4]","0.3 [0.3-0.4]","0.3 [0.3-0.4]"
"Philippines","0.2 [0.2-0.3]","0.2 [0.2-0.2]","0.2 [0.1-0.2]","0.1 [0.1-0.2]","0.1 [0.1-0.2]","0.1 [&lt;0.1-0.1]","&lt;0.1 [&lt;0.1-0.1]","&lt;0.1 [&lt;0.1-&lt;0.1]","&lt;0.1 [&lt;0.1-&lt;0.1]","&lt;0.1 [&lt;0.1-&lt;0.1]","&lt;0.1 [&lt;0.1-&lt;0.1]","&lt;0.1 [&lt;0.1-&lt;0.1]","&lt;0.1 [&lt;0.1-&lt;0.1]","&lt;0.1 [&lt;0.1-&lt;0.1]","&lt;0.1 [&lt;0.1-&lt;0.1]","&lt;0.1 [&lt;0.1-&lt;0.1]","&lt;0.1 [&lt;0.1-&lt;0.1]","&lt;0.1 [&lt;0.1-&lt;0.1]","&lt;0.1 [&lt;0.1-&lt;0.1]","&lt;0.1 [&lt;0.1-&lt;0.1]","&lt;0.1 [&lt;0.1-&lt;0.1]","&lt;0.1 [&lt;0.1-&lt;0.1]"
"Poland","No data","No data","No data","No data","No data","No data","No data","No data","No data","No data","No data","No data","No data","No data","No data","No data","No data","No data","No data","No data","No data","No data"
"Portugal","0.5 [0.4-0.5]","0.5 [0.4-0.5]","0.5 [0.4-0.5]","0.5 [0.4-0.6]","0.5 [0.5-0.6]","0.5 [0.5-0.6]","0.5 [0.5-0.6]","0.5 [0.5-0.6]","0.5 [0.5-0.6]","0.5 [0.5-0.6]","0.5 [0.5-0.6]","0.5 [0.5-0.6]","0.5 [0.5-0.6]","0.5 [0.5-0.6]","0.5 [0.5-0.6]","0.5 [0.5-0.6]","0.5 [0.5-0.5]","0.5 [0.5-0.5]","0.5 [0.5-0.5]","0.5 [0.4-0.5]","0.5 [0.4-0.5]","0.5 [0.4-0.5]"
"Qatar","0.2 [0.1-0.2]","0.1 [0.1-0.2]","0.1 [0.1-0.2]","0.1 [0.1-0.2]","0.1 [0.1-0.2]","0.1 [&lt;0.1-0.1]","0.1 [&lt;0.1-0.1]","0.1 [&lt;0.1-0.1]","0.1 [&lt;0.1-0.1]","&lt;0.1 [&lt;0.1-0.1]","&lt;0.1 [&lt;0.1-0.1]","&lt;0.1 [&lt;0.1-0.1]","&lt;0.1 [&lt;0.1-&lt;0.1]","&lt;0.1 [&lt;0.1-&lt;0.1]","&lt;0.1 [&lt;0.1-&lt;0.1]","&lt;0.1 [&lt;0.1-&lt;0.1]","&lt;0.1 [&lt;0.1-&lt;0.1]","&lt;0.1 [&lt;0.1-&lt;0.1]","&lt;0.1 [&lt;0.1-&lt;0.1]","&lt;0.1 [&lt;0.1-&lt;0.1]","&lt;0.1 [&lt;0.1-&lt;0.1]","&lt;0.1 [&lt;0.1-&lt;0.1]"
"Republic of Korea","No data","No data","No data","No data","No data","No data","No data","No data","No data","No data","No data","No data","No data","No data","No data","No data","No data","No data","No data","No data","No data","No data"
"Republic of Moldova","0.8 [0.7-1.0]","0.8 [0.7-1.0]","0.8 [0.7-1.0]","0.8 [0.6-1.0]","0.8 [0.6-0.9]","0.7 [0.6-0.9]","0.7 [0.6-0.9]","0.7 [0.6-0.9]","0.7 [0.6-0.8]","0.6 [0.5-0.8]","0.6 [0.5-0.8]","0.6 [0.5-0.7]","0.6 [0.5-0.7]","0.5 [0.4-0.6]","0.5 [0.4-0.6]","0.4 [0.4-0.5]","0.4 [0.3-0.5]","0.4 [0.3-0.5]","0.3 [0.3-0.4]","0.3 [0.3-0.4]","0.3 [0.2-0.4]","0.3 [0.2-0.3]"
"North Macedonia","No data","No data","No data","No data","No data","No data","No data","No data","No data","No data","No data","No data","No data","No data","No data","No data","No data","No data","No data","No data","No data","No data"
"Romania","0.2 [0.1-0.2]","0.2 [0.1-0.2]","0.2 [0.1-0.2]","0.2 [0.1-0.2]","0.1 [0.1-0.2]","0.1 [0.1-0.2]","0.1 [0.1-0.2]","0.1 [0.1-0.2]","0.1 [0.1-0.2]","0.1 [0.1-0.1]","0.1 [0.1-0.1]","0.1 [0.1-0.1]","0.1 [0.1-0.1]","0.1 [0.1-0.1]","0.1 [0.1-0.1]","0.1 [&lt;0.1-0.1]","&lt;0.1 [&lt;0.1-0.1]","&lt;0.1 [&lt;0.1-&lt;0.1]","&lt;0.1 [&lt;0.1-&lt;0.1]","&lt;0.1 [&lt;0.1-&lt;0.1]","&lt;0.1 [&lt;0.1-&lt;0.1]","&lt;0.1 [&lt;0.1-&lt;0.1]"
"Russian Federation","No data","No data","No data","No data","No data","No data","No data","No data","No data","No data","No data","No data","No data","No data","No data","No data","No data","No data","No data","No data","No data","No data"
"Rwanda","2.3 [2.2-2.5]","2.5 [2.3-2.6]","2.6 [2.4-2.7]","2.7 [2.5-2.9]","2.8 [2.6-3.0]","2.9 [2.7-3.1]","3.0 [2.8-3.2]","3.1 [2.9-3.2]","3.1 [3.0-3.3]","3.2 [3.0-3.4]","3.3 [3.1-3.4]","3.3 [3.2-3.5]","3.4 [3.2-3.5]","3.4 [3.3-3.6]","3.5 [3.3-3.6]","3.6 [3.4-3.7]","3.7 [3.4-3.7]","3.8 [3.6-3.9]","4.0 [3.8-4.1]","4.2 [4.0-4.3]","4.4 [4.2-4.5]","4.6 [4.4-4.7]"
"Saint Kitts and Nevis","No data","No data","No data","No data","No data","No data","No data","No data","No data","No data","No data","No data","No data","No data","No data","No data","No data","No data","No data","No data","No data","No data"
"Saint Lucia","No data","No data","No data","No data","No data","No data","No data","No data","No data","No data","No data","No data","No data","No data","No data","No data","No data","No data","No data","No data","No data","No data"
"Saint Vincent and the Grenadines","No data","No data","No data","No data","No data","No data","No data","No data","No data","No data","No data","No data","No data","No data","No data","No data","No data","No data","No data","No data","No data","No data"
"Samoa","No data","No data","No data","No data","No data","No data","No data","No data","No data","No data","No data","No data","No data","No data","No data","No data","No data","No data","No data","No data","No data","No data"
"San Marino","No data","No data","No data","No data","No data","No data","No data","No data","No data","No data","No data","No data","No data","No data","No data","No data","No data","No data","No data","No data","No data","No data"
"Sao Tome and Principe","No data","No data","No data","No data","No data","No data","No data","No data","No data","No data","No data","No data","No data","No data","No data","No data","No data","No data","No data","No data","No data","No data"
"Saudi Arabia","No data","No data","No data","No data","No data","No data","No data","No data","No data","No data","No data","No data","No data","No data","No data","No data","No data","No data","No data","No data","No data","No data"
"Senegal","0.3 [0.3-0.4]","0.3 [0.3-0.4]","0.3 [0.3-0.4]","0.4 [0.3-0.4]","0.4 [0.3-0.4]","0.4 [0.4-0.4]","0.4 [0.4-0.5]","0.5 [0.4-0.5]","0.5 [0.5-0.6]","0.5 [0.5-0.6]","0.6 [0.5-0.6]","0.6 [0.6-0.7]","0.6 [0.6-0.7]","0.7 [0.6-0.8]","0.7 [0.6-0.8]","0.7 [0.7-0.8]","0.8 [0.7-0.8]","0.8 [0.7-0.9]","0.8 [0.7-0.9]","0.8 [0.7-0.9]","0.7 [0.6-0.8]","0.7 [0.6-0.8]"
"Serbia","&lt;0.1 [&lt;0.1-&lt;0.1]","&lt;0.1 [&lt;0.1-&lt;0.1]","&lt;0.1 [&lt;0.1-&lt;0.1]","&lt;0.1 [&lt;0.1-&lt;0.1]","&lt;0.1 [&lt;0.1-&lt;0.1]","&lt;0.1 [&lt;0.1-&lt;0.1]","&lt;0.1 [&lt;0.1-&lt;0.1]","&lt;0.1 [&lt;0.1-&lt;0.1]","&lt;0.1 [&lt;0.1-&lt;0.1]","&lt;0.1 [&lt;0.1-&lt;0.1]","&lt;0.1 [&lt;0.1-&lt;0.1]","&lt;0.1 [&lt;0.1-&lt;0.1]","&lt;0.1 [&lt;0.1-&lt;0.1]","&lt;0.1 [&lt;0.1-&lt;0.1]","&lt;0.1 [&lt;0.1-&lt;0.1]","&lt;0.1 [&lt;0.1-&lt;0.1]","&lt;0.1 [&lt;0.1-&lt;0.1]","&lt;0.1 [&lt;0.1-&lt;0.1]","&lt;0.1 [&lt;0.1-&lt;0.1]","&lt;0.1 [&lt;0.1-&lt;0.1]","&lt;0.1 [&lt;0.1-&lt;0.1]","&lt;0.1 [&lt;0.1-&lt;0.1]"
"Seychelles","No data","No data","No data","No data","No data","No data","No data","No data","No data","No data","No data","No data","No data","No data","No data","No data","No data","No data","No data","No data","No data","No data"
"Sierra Leone","1.4 [1.2-1.4]","1.5 [1.3-1.5]","1.5 [1.3-1.5]","1.5 [1.3-1.5]","1.6 [1.4-1.6]","1.6 [1.4-1.6]","1.6 [1.4-1.6]","1.6 [1.5-1.6]","1.7 [1.5-1.7]","1.7 [1.5-1.7]","1.7 [1.5-1.7]","1.7 [1.5-1.7]","1.7 [1.6-1.7]","1.7 [1.6-1.7]","1.7 [1.6-1.7]","1.8 [1.6-1.8]","1.8 [1.6-1.8]","1.8 [1.7-1.8]","1.8 [1.7-1.8]","1.8 [1.7-1.8]","1.8 [1.7-1.8]","1.8 [1.7-1.8]"
"Singapore","0.2 [0.1-0.3]","0.2 [0.1-0.3]","0.2 [0.1-0.3]","0.2 [0.1-0.3]","0.2 [0.2-0.3]","0.3 [0.2-0.3]","0.3 [0.2-0.3]","0.3 [0.2-0.3]","0.3 [0.2-0.3]","0.2 [0.2-0.3]","0.2 [0.2-0.3]","0.2 [0.1-0.3]","0.2 [0.1-0.3]","0.2 [0.1-0.3]","0.2 [0.1-0.3]","0.2 [0.1-0.3]","0.2 [0.1-0.3]","0.2 [0.1-0.3]","0.2 [0.1-0.3]","0.2 [0.1-0.2]","0.2 [&lt;0.1-0.2]","0.1 [&lt;0.1-0.2]"
"Slovakia","&lt;0.1 [&lt;0.1-&lt;0.1]","&lt;0.1 [&lt;0.1-&lt;0.1]","&lt;0.1 [&lt;0.1-&lt;0.1]","&lt;0.1 [&lt;0.1-&lt;0.1]","&lt;0.1 [&lt;0.1-&lt;0.1]","&lt;0.1 [&lt;0.1-&lt;0.1]","&lt;0.1 [&lt;0.1-&lt;0.1]","&lt;0.1 [&lt;0.1-&lt;0.1]","&lt;0.1 [&lt;0.1-&lt;0.1]","&lt;0.1 [&lt;0.1-&lt;0.1]","&lt;0.1 [&lt;0.1-&lt;0.1]","&lt;0.1 [&lt;0.1-&lt;0.1]","&lt;0.1 [&lt;0.1-&lt;0.1]","&lt;0.1 [&lt;0.1-&lt;0.1]","&lt;0.1 [&lt;0.1-&lt;0.1]","&lt;0.1 [&lt;0.1-&lt;0.1]","&lt;0.1 [&lt;0.1-&lt;0.1]","&lt;0.1 [&lt;0.1-&lt;0.1]","&lt;0.1 [&lt;0.1-&lt;0.1]","&lt;0.1 [&lt;0.1-&lt;0.1]","&lt;0.1 [&lt;0.1-&lt;0.1]","&lt;0.1 [&lt;0.1-&lt;0.1]"
"Slovenia","&lt;0.1 [&lt;0.1-&lt;0.1]","&lt;0.1 [&lt;0.1-&lt;0.1]","&lt;0.1 [&lt;0.1-&lt;0.1]","&lt;0.1 [&lt;0.1-&lt;0.1]","&lt;0.1 [&lt;0.1-&lt;0.1]","&lt;0.1 [&lt;0.1-&lt;0.1]","&lt;0.1 [&lt;0.1-&lt;0.1]","&lt;0.1 [&lt;0.1-&lt;0.1]","&lt;0.1 [&lt;0.1-&lt;0.1]","&lt;0.1 [&lt;0.1-&lt;0.1]","&lt;0.1 [&lt;0.1-&lt;0.1]","&lt;0.1 [&lt;0.1-&lt;0.1]","&lt;0.1 [&lt;0.1-&lt;0.1]","&lt;0.1 [&lt;0.1-&lt;0.1]","&lt;0.1 [&lt;0.1-&lt;0.1]","&lt;0.1 [&lt;0.1-&lt;0.1]","&lt;0.1 [&lt;0.1-&lt;0.1]","&lt;0.1 [&lt;0.1-&lt;0.1]","&lt;0.1 [&lt;0.1-&lt;0.1]","&lt;0.1 [&lt;0.1-&lt;0.1]","&lt;0.1 [&lt;0.1-&lt;0.1]","&lt;0.1 [&lt;0.1-&lt;0.1]"
"Solomon Islands","No data","No data","No data","No data","No data","No data","No data","No data","No data","No data","No data","No data","No data","No data","No data","No data","No data","No data","No data","No data","No data","No data"
"Somalia","&lt;0.1 [&lt;0.1-&lt;0.1]","&lt;0.1 [&lt;0.1-&lt;0.1]","&lt;0.1 [&lt;0.1-&lt;0.1]","&lt;0.1 [&lt;0.1-0.1]","&lt;0.1 [&lt;0.1-0.1]","0.1 [&lt;0.1-0.1]","0.1 [0.1-0.1]","0.1 [0.1-0.2]","0.1 [0.1-0.2]","0.2 [0.1-0.2]","0.2 [0.2-0.2]","0.2 [0.2-0.2]","0.2 [0.2-0.2]","0.2 [0.2-0.3]","0.2 [0.2-0.3]","0.3 [0.2-0.3]","0.3 [0.2-0.3]","0.3 [0.2-0.3]","0.3 [0.2-0.3]","0.3 [0.2-0.3]","0.3 [0.2-0.3]","0.3 [0.2-0.3]"
"South Africa","18.3 [15.6-20.5]","18.4 [15.8-20.6]","18.6 [16.0-20.7]","18.6 [16.1-20.8]","18.5 [16.1-20.7]","18.4 [16.0-20.5]","18.2 [15.8-20.2]","17.9 [15.6-19.9]","17.5 [15.4-19.5]","17.2 [15.1-19.0]","16.8 [14.8-18.5]","16.3 [14.5-18]","15.9 [14.2-17.6]","15.6 [14.0-17.2]","15.2 [13.7-16.7]","14.9 [13.4-16.3]","14.6 [13.1-15.9]","14.1 [12.7-15.4]","13.7 [12.3-14.8]","13.0 [11.7-14.1]","12.3 [11.1-13.3]","11.3 [10.2-12.3]"
"South Sudan","2.1 [2.1-2.1]","2.1 [2.1-2.1]","2.0 [2.0-2.0]","2.0 [2.0-2.0]","2.0 [2.0-2.0]","2.0 [2.0-2.0]","1.9 [1.9-1.9]","1.9 [1.9-1.9]","1.9 [1.9-1.9]","1.9 [1.9-1.9]","1.9 [1.9-1.9]","2.0 [2.0-2.0]","2.0 [2.0-2.0]","2.0 [2.0-2.0]","2.0 [2.0-2.0]","2.0 [2.0-2.0]","2.0 [2.0-2.0]","2.0 [2.0-2.0]","2.0 [2.0-2.0]","2.0 [2.0-2.0]","1.9 [1.9-1.9]","1.9 [1.9-1.9]"
"Spain","0.3 [0.2-0.3]","0.3 [0.2-0.3]","0.3 [0.2-0.3]","0.3 [0.2-0.3]","0.3 [0.3-0.3]","0.3 [0.3-0.3]","0.3 [0.3-0.3]","0.3 [0.3-0.3]","0.3 [0.3-0.3]","0.3 [0.3-0.3]","0.3 [0.3-0.3]","0.3 [0.3-0.4]","0.3 [0.3-0.4]","0.3 [0.3-0.4]","0.4 [0.3-0.4]","0.4 [0.3-0.4]","0.4 [0.3-0.4]","0.4 [0.3-0.4]","0.4 [0.4-0.4]","0.4 [0.4-0.4]","0.4 [0.4-0.4]","0.4 [0.4-0.4]"
"Sri Lanka","&lt;0.1 [&lt;0.1-&lt;0.1]","&lt;0.1 [&lt;0.1-&lt;0.1]","&lt;0.1 [&lt;0.1-&lt;0.1]","&lt;0.1 [&lt;0.1-&lt;0.1]","&lt;0.1 [&lt;0.1-&lt;0.1]","&lt;0.1 [&lt;0.1-&lt;0.1]","&lt;0.1 [&lt;0.1-&lt;0.1]","&lt;0.1 [&lt;0.1-&lt;0.1]","&lt;0.1 [&lt;0.1-&lt;0.1]","&lt;0.1 [&lt;0.1-&lt;0.1]","&lt;0.1 [&lt;0.1-&lt;0.1]","&lt;0.1 [&lt;0.1-&lt;0.1]","&lt;0.1 [&lt;0.1-&lt;0.1]","&lt;0.1 [&lt;0.1-&lt;0.1]","&lt;0.1 [&lt;0.1-&lt;0.1]","&lt;0.1 [&lt;0.1-&lt;0.1]","&lt;0.1 [&lt;0.1-&lt;0.1]","&lt;0.1 [&lt;0.1-&lt;0.1]","&lt;0.1 [&lt;0.1-&lt;0.1]","&lt;0.1 [&lt;0.1-&lt;0.1]","&lt;0.1 [&lt;0.1-&lt;0.1]","&lt;0.1 [&lt;0.1-&lt;0.1]"
"Sudan","0.1 [0.1-0.2]","0.1 [0.1-0.2]","0.2 [0.1-0.2]","0.2 [0.1-0.2]","0.2 [0.1-0.2]","0.2 [0.1-0.2]","0.2 [0.1-0.2]","0.2 [0.1-0.2]","0.2 [0.2-0.2]","0.2 [0.2-0.2]","0.2 [0.2-0.2]","0.2 [0.2-0.2]","0.2 [0.2-0.2]","0.2 [0.2-0.2]","0.2 [0.2-0.2]","0.2 [0.2-0.2]","0.2 [0.2-0.2]","0.2 [0.2-0.3]","0.2 [0.2-0.3]","0.2 [0.2-0.3]","0.2 [0.2-0.3]","0.2 [0.2-0.3]"
"Suriname","1.3 [1.1-1.6]","1.3 [1.1-1.6]","1.3 [1.1-1.6]","1.4 [1.1-1.6]","1.4 [1.1-1.6]","1.4 [1.1-1.6]","1.4 [1.1-1.6]","1.4 [1.2-1.6]","1.4 [1.2-1.6]","1.4 [1.2-1.6]","1.4 [1.2-1.6]","1.4 [1.2-1.6]","1.4 [1.2-1.6]","1.4 [1.2-1.6]","1.4 [1.2-1.6]","1.4 [1.2-1.6]","1.3 [1.2-1.5]","1.3 [1.1-1.5]","1.2 [1.0-1.4]","1.1 [0.9-1.4]","1.1 [0.9-1.3]","1.0 [0.8-1.3]"
"Sweden","No data","No data","No data","No data","No data","No data","No data","No data","No data","No data","No data","No data","No data","No data","No data","No data","No data","No data","No data","No data","No data","No data"
"Switzerland","0.2 [0.1-0.2]","0.2 [0.1-0.2]","0.2 [0.1-0.2]","0.2 [0.1-0.2]","0.2 [0.1-0.2]","0.2 [0.2-0.2]","0.2 [0.2-0.3]","0.2 [0.2-0.3]","0.2 [0.2-0.3]","0.2 [0.2-0.3]","0.2 [0.2-0.3]","0.2 [0.2-0.3]","0.2 [0.2-0.3]","0.2 [0.2-0.3]","0.2 [0.2-0.3]","0.2 [0.2-0.3]","0.2 [0.2-0.3]","0.2 [0.2-0.3]","0.2 [0.2-0.3]","0.2 [0.2-0.3]","0.2 [0.2-0.3]","0.2 [0.2-0.3]"
"Syrian Arab Republic","&lt;0.1 [&lt;0.1-&lt;0.1]","&lt;0.1 [&lt;0.1-&lt;0.1]","&lt;0.1 [&lt;0.1-&lt;0.1]","&lt;0.1 [&lt;0.1-&lt;0.1]","&lt;0.1 [&lt;0.1-&lt;0.1]","&lt;0.1 [&lt;0.1-&lt;0.1]","&lt;0.1 [&lt;0.1-&lt;0.1]","&lt;0.1 [&lt;0.1-&lt;0.1]","&lt;0.1 [&lt;0.1-&lt;0.1]","&lt;0.1 [&lt;0.1-&lt;0.1]","&lt;0.1 [&lt;0.1-&lt;0.1]","&lt;0.1 [&lt;0.1-&lt;0.1]","&lt;0.1 [&lt;0.1-&lt;0.1]","&lt;0.1 [&lt;0.1-&lt;0.1]","&lt;0.1 [&lt;0.1-&lt;0.1]","&lt;0.1 [&lt;0.1-&lt;0.1]","&lt;0.1 [&lt;0.1-&lt;0.1]","&lt;0.1 [&lt;0.1-&lt;0.1]","&lt;0.1 [&lt;0.1-&lt;0.1]","&lt;0.1 [&lt;0.1-&lt;0.1]","&lt;0.1 [&lt;0.1-&lt;0.1]","&lt;0.1 [&lt;0.1-&lt;0.1]"
"Tajikistan","0.2 [0.2-0.2]","0.2 [0.2-0.2]","0.2 [0.2-0.2]","0.2 [0.2-0.2]","0.2 [0.2-0.2]","0.2 [0.2-0.2]","0.2 [0.2-0.2]","0.2 [0.1-0.2]","0.2 [0.1-0.2]","0.1 [0.1-0.2]","0.1 [0.1-0.1]","0.1 [0.1-0.1]","&lt;0.1 [&lt;0.1-&lt;0.1]","&lt;0.1 [&lt;0.1-&lt;0.1]","&lt;0.1 [&lt;0.1-&lt;0.1]","&lt;0.1 [&lt;0.1-&lt;0.1]","&lt;0.1 [&lt;0.1-&lt;0.1]","&lt;0.1 [&lt;0.1-&lt;0.1]","&lt;0.1 [&lt;0.1-&lt;0.1]","&lt;0.1 [&lt;0.1-&lt;0.1]","&lt;0.1 [&lt;0.1-&lt;0.1]","&lt;0.1 [&lt;0.1-&lt;0.1]"
"Thailand","1.0 [0.8-1.2]","1.1 [0.9-1.2]","1.2 [0.9-1.3]","1.2 [1.0-1.3]","1.3 [1.0-1.4]","1.3 [1.1-1.4]","1.3 [1.1-1.5]","1.4 [1.2-1.5]","1.4 [1.2-1.6]","1.5 [1.3-1.6]","1.5 [1.3-1.6]","1.5 [1.3-1.7]","1.6 [1.4-1.7]","1.6 [1.4-1.8]","1.6 [1.4-1.8]","1.7 [1.5-1.8]","1.7 [1.5-1.9]","1.8 [1.5-2.0]","1.9 [1.6-2.0]","1.9 [1.7-2.1]","2.0 [1.8-2.2]","2.1 [1.8-2.3]"
"Timor-Leste","0.2 [0.1-0.2]","0.2 [0.1-0.2]","0.2 [0.1-0.2]","0.2 [0.1-0.2]","0.1 [0.1-0.2]","0.1 [0.1-0.2]","0.1 [0.1-0.2]","0.1 [0.1-0.2]","0.1 [&lt;0.1-0.2]","0.1 [&lt;0.1-0.2]","&lt;0.1 [&lt;0.1-0.2]","&lt;0.1 [&lt;0.1-0.2]","&lt;0.1 [&lt;0.1-0.2]","&lt;0.1 [&lt;0.1-0.2]","&lt;0.1 [&lt;0.1-0.2]","&lt;0.1 [&lt;0.1-0.1]","&lt;0.1 [&lt;0.1-0.1]","&lt;0.1 [&lt;0.1-0.1]","&lt;0.1 [&lt;0.1-0.1]","&lt;0.1 [&lt;0.1-0.1]","&lt;0.1 [&lt;0.1-0.1]","&lt;0.1 [&lt;0.1-&lt;0.1]"
"Togo","1.9 [1.6-1.9]","2.0 [1.7-2.0]","2.0 [1.8-2.0]","2.1 [1.9-2.1]","2.2 [2.0-2.2]","2.3 [2.1-2.3]","2.4 [2.2-2.4]","2.5 [2.3-2.5]","2.6 [2.4-2.6]","2.6 [2.5-2.6]","2.7 [2.6-2.7]","2.8 [2.7-2.8]","2.9 [2.8-2.9]","3.0 [3.0-3.0]","3.1 [3.1-3.1]","3.2 [3.2-3.2]","3.3 [3.3-3.3]","3.5 [3.5-3.5]","3.6 [3.6-3.6]","3.7 [3.7-3.7]","3.7 [3.7-3.7]","3.7 [3.7-3.7]"
"Tonga","No data","No data","No data","No data","No data","No data","No data","No data","No data","No data","No data","No data","No data","No data","No data","No data","No data","No data","No data","No data","No data","No data"
"Trinidad and Tobago","1.0 [0.9-1.1]","1.1 [1.0-1.2]","1.1 [1.0-1.2]","1.1 [1.0-1.2]","1.2 [1.1-1.3]","1.2 [1.1-1.3]","1.3 [1.2-1.3]","1.3 [1.2-1.4]","1.3 [1.2-1.4]","1.4 [1.3-1.5]","1.4 [1.3-1.5]","1.4 [1.3-1.5]","1.4 [1.3-1.5]","1.5 [1.4-1.6]","1.5 [1.4-1.6]","1.4 [1.3-1.5]","1.4 [1.3-1.5]","1.4 [1.3-1.5]","1.3 [1.2-1.5]","1.3 [1.2-1.4]","1.2 [1.1-1.4]","1.2 [1.0-1.3]"
"Tunisia","&lt;0.1 [&lt;0.1-0.1]","&lt;0.1 [&lt;0.1-&lt;0.1]","&lt;0.1 [&lt;0.1-&lt;0.1]","&lt;0.1 [&lt;0.1-&lt;0.1]","&lt;0.1 [&lt;0.1-&lt;0.1]","&lt;0.1 [&lt;0.1-&lt;0.1]","&lt;0.1 [&lt;0.1-&lt;0.1]","&lt;0.1 [&lt;0.1-&lt;0.1]","&lt;0.1 [&lt;0.1-&lt;0.1]","&lt;0.1 [&lt;0.1-&lt;0.1]","&lt;0.1 [&lt;0.1-&lt;0.1]","&lt;0.1 [&lt;0.1-&lt;0.1]","&lt;0.1 [&lt;0.1-&lt;0.1]","&lt;0.1 [&lt;0.1-&lt;0.1]","&lt;0.1 [&lt;0.1-&lt;0.1]","&lt;0.1 [&lt;0.1-&lt;0.1]","&lt;0.1 [&lt;0.1-&lt;0.1]","&lt;0.1 [&lt;0.1-&lt;0.1]","&lt;0.1 [&lt;0.1-&lt;0.1]","&lt;0.1 [&lt;0.1-&lt;0.1]","&lt;0.1 [&lt;0.1-&lt;0.1]","&lt;0.1 [&lt;0.1-&lt;0.1]"
"TÃ¼rkiye","No data","No data","No data","No data","No data","No data","No data","No data","No data","No data","No data","No data","No data","No data","No data","No data","No data","No data","No data","No data","No data","No data"
"Turkmenistan","No data","No data","No data","No data","No data","No data","No data","No data","No data","No data","No data","No data","No data","No data","No data","No data","No data","No data","No data","No data","No data","No data"
"Tuvalu","No data","No data","No data","No data","No data","No data","No data","No data","No data","No data","No data","No data","No data","No data","No data","No data","No data","No data","No data","No data","No data","No data"
"Uganda","5.2 [5.1-5.4]","5.4 [5.2-5.5]","5.5 [5.4-5.7]","5.7 [5.5-5.8]","5.8 [5.7-5.9]","5.9 [5.7-6.0]","6.0 [5.8-6.1]","6.1 [5.9-6.2]","6.2 [6.0-6.3]","6.2 [6.0-6.4]","6.3 [6.1-6.5]","6.3 [6.1-6.5]","6.3 [6.1-6.6]","6.4 [6.1-6.6]","6.4 [6.2-6.7]","6.5 [6.2-6.8]","6.6 [6.3-6.9]","6.7 [6.4-7.0]","6.9 [6.6-7.2]","7.1 [6.8-7.4]","7.3 [7.0-7.7]","7.6 [7.3-8.0]"
"Ukraine","0.9 [0.8-1.1]","0.9 [0.8-1.1]","0.9 [0.8-1.1]","0.9 [0.8-1.1]","0.9 [0.8-1.1]","0.9 [0.8-1.0]","0.9 [0.8-1.0]","0.9 [0.8-1.0]","0.9 [0.8-1.0]","0.9 [0.8-1.0]","0.9 [0.8-1.0]","0.9 [0.8-1.0]","0.9 [0.8-1.0]","0.9 [0.8-1.0]","0.9 [0.8-1.0]","0.9 [0.8-1.0]","0.9 [0.8-1.0]","0.9 [0.8-1.0]","0.9 [0.8-1.0]","0.8 [0.7-1.0]","0.8 [0.7-0.9]","0.7 [0.6-0.8]"
"United Arab Emirates","No data","No data","No data","No data","No data","No data","No data","No data","No data","No data","No data","No data","No data","No data","No data","No data","No data","No data","No data","No data","No data","No data"
"United Kingdom of Great Britain and Northern Ireland","No data","No data","No data","No data","No data","No data","No data","No data","No data","No data","No data","No data","No data","No data","No data","No data","No data","No data","No data","No data","No data","No data"
"United Republic of Tanzania","4.5 [4.2-4.6]","4.6 [4.4-4.7]","4.8 [4.6-4.9]","4.9 [4.7-5.0]","5.0 [4.8-5.1]","5.1 [4.9-5.2]","5.1 [5.0-5.2]","5.2 [5.1-5.3]","5.2 [5.1-5.3]","5.2 [5.1-5.3]","5.3 [5.2-5.3]","5.4 [5.3-5.4]","5.4 [5.4-5.5]","5.5 [5.5-5.6]","5.6 [5.6-5.7]","5.8 [5.8-5.8]","6.0 [6.0-6.0]","6.3 [6.2-6.3]","6.5 [6.5-6.5]","6.7 [6.7-6.7]","7.0 [6.9-7.0]","7.2 [7.1-7.2]"
"United States of America","No data","No data","0.4 [0.3-0.5]","0.4 [0.3-0.5]","0.4 [0.3-0.5]","0.4 [0.3-0.5]","0.4 [0.3-0.5]","0.4 [0.3-0.6]","0.4 [0.4-0.5]","0.5 [0.4-0.5]","0.5 [0.4-0.5]","0.4 [0.4-0.5]","No data","No data","No data","No data","No data","No data","No data","No data","No data","No data"
"Uruguay","0.6 [0.4-0.7]","0.6 [0.4-0.7]","0.5 [0.4-0.7]","0.5 [0.4-0.6]","0.5 [0.4-0.6]","0.5 [0.4-0.6]","0.5 [0.4-0.6]","0.5 [0.4-0.6]","0.5 [0.4-0.5]","0.4 [0.4-0.5]","0.4 [0.4-0.5]","0.4 [0.3-0.5]","0.4 [0.3-0.5]","0.4 [0.3-0.4]","0.4 [0.3-0.4]","0.4 [0.3-0.4]","0.3 [0.3-0.4]","0.3 [0.3-0.4]","0.3 [0.2-0.4]","0.3 [0.2-0.4]","0.3 [0.2-0.4]","0.3 [0.2-0.4]"
"Uzbekistan","0.2 [0.2-0.3]","0.2 [0.2-0.2]","0.2 [0.2-0.2]","0.2 [0.2-0.2]","0.2 [0.2-0.2]","0.2 [0.2-0.2]","0.2 [0.2-0.2]","0.2 [0.1-0.2]","0.1 [0.1-0.2]","0.1 [0.1-0.2]","0.1 [0.1-0.1]","0.1 [&lt;0.1-0.1]","0.1 [&lt;0.1-0.1]","&lt;0.1 [&lt;0.1-0.1]","&lt;0.1 [&lt;0.1-&lt;0.1]","&lt;0.1 [&lt;0.1-&lt;0.1]","&lt;0.1 [&lt;0.1-&lt;0.1]","&lt;0.1 [&lt;0.1-&lt;0.1]","&lt;0.1 [&lt;0.1-&lt;0.1]","&lt;0.1 [&lt;0.1-0.3]","&lt;0.1 [&lt;0.1-&lt;0.1]","&lt;0.1 [&lt;0.1-&lt;0.1]"
"Vanuatu","No data","No data","No data","No data","No data","No data","No data","No data","No data","No data","No data","No data","No data","No data","No data","No data","No data","No data","No data","No data","No data","No data"
"Venezuela (Bolivarian Republic of)","0.5 [0.4-0.6]","0.5 [0.4-0.5]","0.5 [0.4-0.6]","0.5 [0.4-0.6]","0.5 [0.4-0.6]","0.5 [0.4-0.6]","0.5 [0.5-0.6]","0.5 [0.5-0.6]","0.5 [0.5-0.6]","0.6 [0.5-0.6]","0.6 [0.5-0.6]","0.6 [0.5-0.6]","0.6 [0.5-0.6]","0.6 [0.6-0.7]","0.6 [0.6-0.7]","0.6 [0.6-0.7]","0.6 [0.6-0.7]","0.6 [0.6-0.6]","0.6 [0.5-0.6]","0.5 [0.5-0.5]","0.4 [0.4-0.5]","0.4 [0.3-0.4]"
"Viet Nam","0.3 [0.3-0.4]","0.3 [0.3-0.4]","0.3 [0.3-0.4]","0.3 [0.3-0.4]","0.4 [0.3-0.4]","0.4 [0.3-0.4]","0.4 [0.3-0.4]","0.4 [0.3-0.4]","0.4 [0.3-0.4]","0.4 [0.3-0.4]","0.4 [0.3-0.4]","0.4 [0.3-0.4]","0.3 [0.3-0.4]","0.3 [0.3-0.4]","0.3 [0.3-0.4]","0.3 [0.3-0.4]","0.3 [0.3-0.4]","0.3 [0.3-0.4]","0.3 [0.3-0.3]","0.3 [0.2-0.3]","0.3 [0.2-0.3]","0.2 [0.2-0.3]"
"Yemen","&lt;0.1 [&lt;0.1-&lt;0.1]","&lt;0.1 [&lt;0.1-&lt;0.1]","&lt;0.1 [&lt;0.1-&lt;0.1]","&lt;0.1 [&lt;0.1-&lt;0.1]","&lt;0.1 [&lt;0.1-&lt;0.1]","&lt;0.1 [&lt;0.1-&lt;0.1]","&lt;0.1 [&lt;0.1-&lt;0.1]","&lt;0.1 [&lt;0.1-&lt;0.1]","&lt;0.1 [&lt;0.1-&lt;0.1]","&lt;0.1 [&lt;0.1-&lt;0.1]","&lt;0.1 [&lt;0.1-&lt;0.1]","&lt;0.1 [&lt;0.1-&lt;0.1]","&lt;0.1 [&lt;0.1-&lt;0.1]","&lt;0.1 [&lt;0.1-&lt;0.1]","&lt;0.1 [&lt;0.1-&lt;0.1]","&lt;0.1 [&lt;0.1-&lt;0.1]","&lt;0.1 [&lt;0.1-&lt;0.1]","&lt;0.1 [&lt;0.1-&lt;0.1]","&lt;0.1 [&lt;0.1-&lt;0.1]","&lt;0.1 [&lt;0.1-&lt;0.1]","&lt;0.1 [&lt;0.1-&lt;0.1]","&lt;0.1 [&lt;0.1-&lt;0.1]"
"Zambia","10.8 [10.1-11.1]","11.2 [10.6-11.5]","11.6 [11.0-11.9]","12.0 [11.4-12.3]","12.2 [11.7-12.5]","12.4 [12.0-12.7]","12.6 [12.3-12.9]","12.8 [12.4-13.1]","12.9 [12.5-13.2]","13.0 [12.6-13.3]","13.1 [12.7-13.4]","13.1 [12.7-13.4]","13.1 [12.8-13.5]","13.1 [12.8-13.5]","13.2 [12.8-13.6]","13.3 [12.9-13.7]","13.5 [13.1-13.9]","13.7 [13.2-14.2]","13.9 [13.4-14.5]","14.2 [13.7-14.8]","14.4 [13.9-15.0]","14.6 [14.0-15.3]"
"Zimbabwe","11.6 [10.2-12.7]","12.1 [10.6-13.3]","12.5 [11.0-13.8]","13.0 [11.4-14.3]","13.4 [11.8-14.8]","13.8 [12.1-15.2]","14.2 [12.5-15.6]","14.5 [12.7-15.9]","14.7 [12.9-16.2]","14.9 [13.1-16.4]","15.2 [13.3-16.7]","15.4 [13.5-16.9]","15.7 [13.7-17.2]","16.1 [14.1-17.7]","16.6 [14.6-18.3]","17.3 [15.2-19.0]","18.1 [15.9-19.9]","19.0 [16.7-20.9]","20.0 [17.6-22.0]","21.0 [18.5-23.2]","22.1 [19.4-24.3]","23.0 [20.2-25.3]"
